standard,lemma,postag
A,a,d
CONTENTION,contention,n1
FOR,for,acp-p
HONOUR,honour,n1
AND,and,cc
RICHES,riches,n2
By,by,acp-p
J.,J.,n-ab
S.,s.,n-ab
ubi,ubi,fw-la
quid,quid,fw-la
datur,datur,fw-la
oti,oti,fw-la
illudo,illudo,fw-la
chartis,chartis,fw-la
LONDON,London,n1-nn
Printed,print,vvn
by,by,acp-p
E.,E.,n-ab
A.,A.,n-ab
for,for,acp-p
William,William,n1-nn
Cooke,cook,n1-nn
and,and,cc
are,be,vvb
to,to,acp-cs
be,be,vvi
sold,sell,vvn
at,at,acp-p
his,his,po
shop,shop,n1
near,near,acp-p
Furnival's,furnivals,n1g
Inn,inn,n1
gate,gate,n1
in,in,acp-p
Holborn,Holborn,n1-nn
1633,1633,crd
TO,to,acp-p
THE,the,d
RIGHT,right,n1_j
Worshipful,worshipful,j
and,and,cc
his,his,po
honoured,honour,j_vn
friend,friend,n1
EDWARD,Edward,n1-nn
GOLDING,Golding,n1-nn
of,of,acp-p
Colston,Colston,n1-nn
in,in,acp-p
nottinghamshire,nottinghamshire,n1-nn
Esquire,esquire,n1
Where,where,crq-cs
there,there,av
is,be,vvz
a,a,d
will,will,n1
to,to,acp-cs
be,be,vvi
grateful,grateful,j
the,the,d
acknowledgement,acknowledgement,n1
supplies,supply,vvz
the,the,d
defect,defect,n1
of,of,acp-p
action,action,n1
reddit,reddit,fw-la
enim,enim,fw-la
beneficium,beneficium,fw-la
qui,qui,fw-la
libenter,libenter,fw-la
debet,debet,fw-la
Although,although,cs
this,this,d
hold,hold,vvb
no,no,d-x
force,force,n1
in,in,acp-p
the,the,d
common,common,j
and,and,cc
municipal,municipal,j
laws,law,n2
where,where,crq-cs
men,man,n2
do,do,vvb
no,not,xx
benefit,benefit,vvi
before,before,acp-cs
they,they,pns
account,account,vvb
to,to,acp-cs
receive,receive,vvi
it,it,pn
is,be,vvz
allowed,allow,vvn
a,a,d
Canon,canon,n1
in,in,acp-p
morality,morality,n1
where,where,crq-cs
many,many,d
good,good,j
deeds,deed,n2
are,be,vvb
to,to,acp-cs
be,be,vvi
lost,lose,vvn
that,that,cs
we,we,pns
may,may,vmb
place,place,vvi
one,one,pi
well,well,av
No,no,d-x
man,man,n1
can,can,vmb
die,die,vvi
in,in,acp-p
debt,debt,n1
that,that,cs
hath,have,vvz
an,a,d
honest,honest,j
remembrance,remembrance,n1
of,of,acp-p
his,his,po
obligation,obligation,n1
since,since,acp-cs
death,death,n1
is,be,vvz
to,to,acp-cs
be,be,vvi
reckoned,reckon,vvn
from,from,acp-p
the,the,d
first,first,ord
day,day,n1
of,of,acp-p
our,our,po
ingratitude,ingratitude,n1
In,in,acp-p
this,this,d
confidence,confidence,n1
I,I,pns
appear,appear,vvb
and,and,cc
being,be,vvg
neither,neither,d-x
guilty,guilty,j
of,of,acp-p
desert,desert,n1
or,or,cc
power,power,n1
to,to,acp-cs
reward,reward,vvi
I,I,pns
must,must,vmb
present,present,vvi
the,the,d
memory,memory,n1
of,of,acp-p
your,your,po
own,own,d
act,act,n1
and,and,cc
virtue,virtue,n1
to,to,acp-cs
pay,pay,vvi
yourself,yourself,px
That,that,d
which,which,crq-r
waiteth,wait,vvz
upon,upon,acp-p
my,my,po
thanks,thanks,n2
is,be,vvz
this,this,d
handful,handful,n1
of,of,acp-p
paper,paper,n1
imaginations,imagination,n2
though,though,cs
below,below,acp-p
your,your,po
study,study,n1
not,not,xx
beneath,beneath,acp-p
your,your,po
virtue,virtue,n1
to,to,acp-cs
accept,accept,vvi
and,and,cc
smile,smile,vvi
upon,upon,acp-p
they,they,pns
were,be,vvd
meant,mean,vvn
for,for,acp-p
innocent,innocent,j
mirth,mirth,n1
and,and,cc
can,can,vmb
be,be,vvi
no,no,d-x
prejudice,prejudice,n1
if,if,cs
they,they,pns
only,only,av_j
serve,serve,vvi
to,to,acp-cs
set,set,vvi
off,off,acp-av
your,your,po
Nobler,noble,j-c
Contemplations,contemplation,n2
Read,Read,vvb
when,when,crq-cs
you,you,pn
will,will,vmb
dispense,dispense,vvi
with,with,acp-p
half,half,j
an,a,d
hour,hour,n1
and,and,cc
continue,continue,vvb
your,your,po
favour,favour,n1
to,to,acp-p
him,he,pno
whose,who,crq-rg
ambition,ambition,n1
is,be,vvz
to,to,acp-cs
write,write,vvi
himself,himself,px
Your,your,po
Servant,servant,n1
James,James,n1-nn
Shirley,Shirley,n1-nn
The,the,d
Speakers,speaker,n2
Ingenuity,ingenuity,n1
a,a,d
Scholar,scholar,n1
Courtier,courtier,n1
Soldier,soldier,n1
Clod,clod,n1
a,a,d
Countryman,countryman,n1
Gettings,Gettings,n1-nn
a,a,d
Citizen,citizen,n1
Women,woman,n2
Honour,honour,n1
Riches,riches,n2
Mutes,mute,n2_j
Honesty,honesty,n1
No-pay,no-pay,n1
Long-vacation,long-vacation,n1
foul-weather-in-harvest,foul-weather-in-harvest,n1
A,a,d
CONTENTION,contention,n1
FOR,for,acp-p
HONOUR,honour,n1
AND,and,cc
RICHES,riches,n2
Enter,enter,vvb
Riches,riches,n2
and,and,cc
Ingenuity,ingenuity,n1
a,a,d
Scholar,scholar,n1
Ing.,Ing.,n-ab
MY,my,po
Lady,lady,n1
desires,desire,vvz
to,to,acp-cs
speak,speak,vvi
with,with,acp-p
you,you,pn
Ric.,Ric.,n-ab
Your,your,po
Lady,lady,n1
who's,who|be,crq-q|vvz
your,your,po
Lady,lady,n1
Ing.,Ing.,n-ab
The,the,d
Lady,lady,n1
Honour,honour,n1
Rich.,Rich.,n-ab
Let,let,vvb
Honour,honour,n1
come,come,vvi
to,to,acp-p
Riches,riches,n2
it,it,pn
will,will,vmb
not,not,xx
Disparage,disparage,vvb
her,she,pno
my,my,po
friend,friend,n1
Ing.,Ing.,n-ab
She,she,pns
is,be,vvz
not,not,xx
well,well,av
Ri.,Ri.,n-ab
Honour,honour,n1
is,be,vvz
seldom,seldom,av
sound,sound,j
what,what,crq-r
ails,ail,vvz
her,her,po
Ladyship,ladyship,n1
Ing.,Ing.,n-ab
She,she,pns
had,have,vvd
a,a,d
fall,fall,n1
lately,late,av_j
Ric.,Ric.,n-ab
A,a,d
fall,fall,n1
Ing.,Ing.,n-ab
And,And,cc
sprained,sprain,vvd
Her,her,po
foot,foot,n1
Ric.,Ric.,n-ab
Teach,teach,vvb
her,she,pno
to,to,acp-cs
climb,climb,vvi
she's,she|be,pns|vvz
so,so,av
ambitious,ambitious,j
In.,In.,n-ab
Please,please,vvb
you,you,pn
to,to,acp-cs
do,do,vvi
her,she,pno
the,the,d
favour,favour,n1
she,she,pns
will,will,vmb
wait,wait,vvi
Upon,upon,acp-p
your,your,po
Ladyship,ladyship,n1
another,another,d
time,time,n1
Ric.,Ric.,n-ab
I,I,pns
cannot,can,vmb-x
come,come,vvi
Ing.,Ing.,n-ab
Good,good,j
Madam,madam,n1
Ric.,Ric.,n-ab
I,I,pns
ha',have,vvb
the,the,d
gout,gout,n1
Ing.,Ing.,n-ab
You,you,pn
may,may,vmb
command,command,vvi
a,a,d
Coach,coach,n1
Ric.,Ric.,n-ab
Riches,riches,n2
I,I,pns
know,know,vvb
May,may,vmb
command,command,vvi
any,any,d
thing,thing,n1
but,but,acp-p
I,I,pns
do,do,vvb
not,not,xx
use,use,vvi
To,to,acp-cs
come,come,vvi
to,to,acp-p
every,every,d
one,one,crd
desires,desire,n2
my,my,po
company,company,n1
Beside,beside,acp-av
my,my,po
servants,servant,n2
are,be,vvb
abroad,abroad,av
and,and,cc
it,it,pn
Becomes,become,vvz
me,i,pno
not,not,xx
to,to,acp-cs
go,go,vvi
so,so,av
unattended,unattended,j
Ing.,Ing.,n-ab
I,I,pns
shall,shall,vmb
be,be,vvi
fortunate,fortunate,j
if,if,cs
you,you,pn
accept,accept,vvb
My,my,po
service,service,n1
Ric.,Ric.,n-ab
Is,be,vvz
that,that,d
state,state,n1
enough,enough,av_d
for,for,acp-p
me,i,pno
Although,although,cs
it,it,pn
be,be,vvb
in,in,acp-p
fashion,fashion,n1
with,with,acp-p
your,your,po
Lord,lord,n1
To,to,acp-cs
amble,amble,vvi
with,with,acp-p
his,his,po
foot,foot,n1
man,man,n1
and,and,cc
Page,page,n1
I,I,pns
use,use,vvb
to,to,acp-cs
have,have,vvi
more,more,d-c
followers,follower,n2
Ing.,Ing.,n-ab
Great,great,j
Ladies,lady,n2
Have,have,vvb
no,no,d-x
such,such,d
train,train,n1
many,many,d
are,be,vvb
held,hold,vvn
superfluous,superfluous,j
The,the,d
Gentleman,gentleman,n1
Usher,usher,n1
nowadays,nowadays,av
is,be,vvz
thought,think,vvn
Sufficient,sufficient,j
for,for,acp-p
a,a,d
Countess,countess,n1
nay,nay,uh-x
for,for,acp-p
two,two,crd
Take,take,vvb
him,he,pno
by,by,acp-p
turns,turn,n2
and,and,cc
yet,yet,av
he,he,pns
may,may,vmb
be,be,vvi
courteous,courteous,j
To,to,acp-p
the,the,d
waiting,wait,j_vg
Gentlewoman,gentlewoman,n1
Ric.,Ric.,n-ab
You,you,pn
assume,assume,vvb
methinks,methinks,vvb
Much,much,d
liberty,liberty,n1
in,in,acp-p
talking,talk,vvg
what's,what|be,crq-q|vvz
your,your,po
name,name,n1
In.,In.,n-ab
They,they,pns
which,which,crq-r
know,know,vvb
me,i,pno
call,call,vvb
me,i,pno
Ingenuity,ingenuity,n1
Ric.,Ric.,n-ab
Ingenuity,ingenuity,n1
Out,out,av
upon,upon,acp-av
thee,thou,pno
I,I,pns
suspect,suspect,vvb
you,your,pn
are,be,vvb
a,a,d
Scholar,scholar,n1
Ing.,Ing.,n-ab
I,I,pns
have,have,vvb
studied,study,vvn
Arts,art,n2
Ri.,Ri.,n-ab
Defend,defend,vvb
me,i,pno
from,from,acp-p
his,his,po
witchcraft,witchcraft,n1
had,have,vvd
thy,thy,po
Mistress,mistress,n1
None,none,pi-x
but,but,acp-cc
a,a,d
Scholar,scholar,n1
to,to,acp-cs
employ,employ,vvi
upon,upon,acp-p
Her,her,po
compliments,compliment,n2
to,to,acp-p
me,i,pno
one,one,pi
whose,who,crq-rg
profession,profession,n1
I,I,pns
hate,hate,vvb
whose,who,crq-rg
memory,memory,n1
is,be,vvz
my,my,po
disease,disease,n1
And,and,cc
conversation,conversation,n1
death,death,n1
how,how,crq-q
rank,rank,j
he,he,pns
smells,smell,vvz
Of,of,acp-p
Aristotle,Aristotle,n1-nn
and,and,cc
the,the,d
musty,musty,j
Tribe,tribe,n1
Of,of,acp-p
worm-eaten,worm-eaten,j
Philosophers,philosopher,n2
get,get,vvb
from,from,acp-p
me,i,pno
I,I,pns
will,will,vmb
endure,endure,vvi
the,the,d
Bears,bear,n2
and,and,cc
their,their,po
provision,provision,n1
Lie,lie,vvb
in,in,acp-p
an,a,d
Hospital,hospital,n1
or,or,cc
French-footmen,french-footman,n2
feed,feed,vvb
With,with,acp-p
prisoners,prisoner,n2
or,or,cc
be,be,vvi
racked,rack,vvn
at,at,acp-p
Westminster,Westminster,n1-nn
Nay,nay,uh-x
die,die,vvb
and,and,cc
make,make,vvi
poor,poor,j
orphans,orphan,n2
my,my,po
Executors,executor,n2
Ere,ere,acp-cs
be,be,vvi
confined,confine,vvn
to,to,acp-cs
hear,hear,vvi
thy,thy,po
learned,learned,j
nonsense,nonsense,n1
Ing.,Ing.,n-ab
Why,why,crq-q
should,shall,vmd
you,you,pn
be,be,vvb
such,such,d
enemy,enemy,n1
to,to,acp-p
Scholars,scholar,n2
They,they,pns
waste,waste,vvb
Minerva's,Minerva,n1g-nn
precious,precious,j
dew,dew,n1
their,their,po
sweat,sweat,n1
To,to,acp-cs
gain,gain,vvi
your,your,po
favour,favour,n1
and,and,cc
would,will,vmd
think,think,vvi
themselves,themselves,px
Blessed,bless,vvn
when,when,crq-cs
your,your,po
golden,golden,j
beams,beam,n2
but,but,acp-p
shine,shine,vvi
upon 'em,upon|they,acp-p|pno
Ric.,Ric.,n-ab
'Tis,it|be,pn|vvz
not,not,xx
your,your,po
flattery,flattery,n1
can,can,vmb
win,win,vvi
upon,upon,acp-p
me,i,pno
Go,go,vvb
and,and,cc
declaim,declaim,vvi
against,against,acp-p
me,i,pno
good,good,j
Diogenes,Diogenes,n1-nn
Admire,admire,vvb
a,a,d
virtuous,virtuous,j
poverty,poverty,n1
and,and,cc
nakedness,nakedness,n1
Call,call,vvb
Fortune,fortune,n1
whore,whore,n1
and,and,cc
write,write,vvb
whole,whole,j
volumes,volume,n2
in,in,acp-p
The,the,d
praise,praise,n1
of,of,acp-p
hunger,hunger,n1
and,and,cc
your,your,po
lousy,lousy,j
wardrobe,wardrobe,n1
Yes,yes,uh
teach,teach,vvb
the,the,d
world,world,n1
Riches,riches,n2
is,be,vvz
grown,grow,vvn
a,a,d
monster,monster,n1
And,and,cc
that,that,cs
she,she,pns
dotes,dote,vvz
on,on,acp-p
ignorance,ignorance,n1
these,these,d
are,be,vvb
Your,your,po
vulgar,vulgar,j
doctrines,doctrine,n2
and,and,cc
I,I,pns
pray,pray,vvb
pursue 'em,pursue|they,vvb|pno
My,my,po
most,most,av-s_d
immortal,immortal,j
beggar,beggar,n1
and,and,cc
get,get,vvi
fame,fame,n1
With,with,acp-p
some,some,d
twice,twice,av
sodden,sodden,j
pamphlet,pamphlet,n1
till,till,acp-cs
you,you,pn
make,make,vvb
Submission,submission,n1
to,to,acp-p
my,my,po
fool,fool,n1
in,in,acp-p
hope,hope,n1
of,of,acp-p
the,the,d
Reversion,reversion,n1
of,of,acp-p
his,his,po
Grooms,groom,n2
bare,bare,j
livery,livery,n1
Your,your,po
Theses,thesis,n2
and,and,cc
your,your,po
Syllogisms,syllogism,n2
will,will,vmb
No,no,d-x
doubt,doubt,n1
convert,convert,vvi
the,the,d
Beadle,beadle,n1
and,and,cc
the,the,d
dog-whip,dog-whip,n1
Ing.,Ing.,n-ab
Be,be,vvb
pleased,please,vvn
to,to,acp-cs
hear,hear,vvi
me,i,pno
speak,speak,vvi
Ric.,Ric.,n1-nn
What,what,crq-q
impudence,impudence,n1
Does,do,vvz
this,this,d
appear,appear,vvi
you,you,pn
should,shall,vmd
desire,desire,vvi
that,that,d
favour,favour,n1
Have,have,vvb
I,I,pns
not,not,xx
given,give,vvn
testimony,testimony,n1
to,to,acp-p
the,the,d
world,world,n1
Sufficiently,sufficient,av_j
I,I,pns
do,do,vvb
not,not,xx
love,love,vvi
a,a,d
Scholar,scholar,n1
Ing.,Ing.,n-ab
Endure,endure,vvb
me,i,pno
for,for,acp-p
my,my,po
Mistress,mistress,n1
Lady,lady,n1
Honour,honour,n1
Ric.,Ric.,n-ab
I,I,pns
wonder,wonder,vvb
what,what,crq-r
she,she,pns
meant,mean,vvd
to,to,acp-cs
entertain,entertain,vvi
thee,thou,pno
Away,away,av
dispute,dispute,vvb
no,no,av-x_d
further,further,av-c_j
if,if,cs
you,you,pn
move,move,vvb
me,i,pno
To,to,acp-cs
more,more,d-c
impatience,impatience,n1
Riches,riches,n2
will,will,vmb
find,find,vvi
ways,way,n2
To,to,acp-cs
curb,curb,vvi
your,your,po
insolence,insolence,n1
'tis,it|be,pn|vvz
not,not,xx
your,your,po
pretence,pretence,n1
To,to,acp-p
honour's,honour,n1g
service,service,n1
can,can,vmb
protect,protect,vvi
you,you,pn
from,from,acp-p
My,my,po
anger,anger,n1
I,I,pns
have,have,vvb
kindred,kindred,n1
and,and,cc
acquaintance,acquaintance,n1
Shall,shall,vmb
with,with,acp-p
their,their,po
breath,breath,n1
blow,blow,vvb
thee,thou,pno
beyond,beyond,acp-p
the,the,d
Sea,sea,n1
Or,or,cc
if,if,cs
I,I,pns
should,shall,vmd
be,be,vvi
merciful,merciful,j
and,and,cc
let,let,vvb
thee,thou,pno
Enjoy,enjoy,vvb
thy,thy,po
Country,country,n1
never,never,av-x
hope,hope,vvb
to,to,acp-cs
arrive,arrive,vvi
at,at,acp-p
Above,above,acp-p
a,a,d
pension,pension,n1
that,that,cs
will,will,vmb
find,find,vvi
you,you,pn
woollen,woollen,j
A,a,d
Pedant,pedant,n1
or,or,cc
a,a,d
Vicarage,vicarage,n1
preferment,preferment,n1
Gelded,geld,vvn
sufficiently,sufficient,av_j
by,by,acp-p
the,the,d
improper,improper,j
Parson,parson,n1
Is,be,vvz
all,all,d
your,your,po
wit,wit,n1
must,must,vmb
hope,hope,vvi
for,for,acp-p
and,and,cc
take,take,vvb
heed,heed,n1
That,that,cs
you,you,pn
be,be,vvb
modest,modest,j
then,then,av
no,no,d-x
coat,coat,n1
nor,nor,cc-x
Cassock,cassock,n1
Can,can,vmb
charm,charm,vvi
you,you,pn
if,if,cs
I,I,pns
offer,offer,vvb
to,to,acp-cs
complain,complain,vvi
I,I,pns
shall,shall,vmb
put,put,vvi
your,your,po
Divinity,divinity,n1
to,to,acp-p
silence,silence,n1
Ing.,Ing.,n-ab
I,I,pns
despise,despise,vvb
Thy,thy,po
womanish,womanish,j
threats,threat,n2
and,and,cc
shall,shall,vmb
account,account,vvi
myself,myself,px
Happy,happy,j
without,without,acp-p
thy,thy,po
favour,favour,n1
O,o,uh
Philosophy,philosophy,n1
Assist,assist,vvb
thy,thy,po
poor,poor,j
admirer,admirer,n1
and,and,cc
infuse,infuse,vvi
A,a,d
noble,noble,j
fortitude,fortitude,n1
to,to,acp-cs
scorn,scorn,vvi
her,her,po
malice,malice,n1
I,I,pns
have,have,vvb
no,no,d-x
thought,thought,n1
but,but,acp-cc
has,have,vvz
a,a,d
triumph,triumph,n1
o'er,over,acp-p
Thy,thy,po
base,base,j
conspiracy,conspiracy,n1
Welcome,welcome,uh_j
my,my,po
dear,dear,j
Books,book,n2
And,and,cc
contemplation,contemplation,n1
that,that,cs
shall,shall,vmb
feed,feed,vvi
my,my,po
soul,soul,n1
To,to,acp-p
immortality,immortality,n1
let,let,vvb
Puppets,puppet,n2
dote,dote,vvi
Upon,upon,acp-p
thy,thy,po
gifts,gift,n2
and,and,cc
sell,sell,vvi
their,their,po
privilege,privilege,n1
For,for,acp-cs
gaudy,gaudy,j
clothes,clothes,n2
and,and,cc
Epicurean,epicurean,j-nn
Lust,lust,n1
and,and,cc
a,a,d
Catalogue,catalogue,n1
of,of,acp-p
Rich,rich,j
men's,man,n2g
sins,sin,n2
That,that,cs
shall,shall,vmb
like,like,vvi
plummets,plummet,n2
hang,hang,vvb
upon,upon,acp-p
their,their,po
heart,heart,n1
When,when,crq-cs
wings,wing,n2
are,be,vvb
most,most,av-s_d
required,require,vvn
keep,keep,vvb
thy,thy,po
resolve,resolve,n1
And,and,cc
be,be,vvi
an,a,d
enemy,enemy,n1
to,to,acp-p
Learning,learn,vvg
still,still,av
That,that,cs
when,when,crq-cs
we,we,pns
find,find,vvb
a,a,d
Scholar,scholar,n1
by,by,acp-p
thee,thou,pno
favoured,favour,vvn
We,we,pns
may,may,vmb
suspect,suspect,vvi
him,he,pno
counterfeit,counterfeit,vvi
and,and,cc
a,a,d
dunce,dunce,n1
Honour,honour,n1
will,will,vmb
be,be,vvi
my,my,po
Mistress,mistress,n1
whose,who,crq-r
lest,lest,cs
smile,smile,n1
I,I,pns
value,value,vvb
above,above,acp-p
all,all,d
thy,thy,po
pride,pride,n1
or,or,cc
treasures,treasure,n2
And,and,cc
she,she,pns
will,will,vmb
scorn,scorn,vvi
thee,thou,pno
too,too,av
Farewell,farewell,uh
gay,gay,j
Madam,madam,n1
A,a,d
painted,paint,j_vn
tomb,tomb,n1
though,though,cs
glorious,glorious,j
to,to,acp-p
the,the,d
eye,eye,n1
Corruption,corruption,n1
dwells,dwell,vvz
within,within,acp-p
thee,thou,pno
Exit,Exit,fw-la
Ric.,Ric.,n-ab
Foul,foul,j
mouth,mouth,n1
Satire,satire,n1
But,but,acp-cc
'tis,it|be,pn|vvz
some,some,d
punishment,punishment,n1
to,to,acp-cs
let,let,vvi
him,he,pno
waste,waste,vvi
His,his,po
spirits,spirit,n2
with,with,acp-p
his,his,po
railing,rail,n1_vg
let,let,vvb
him,he,pno
fret,fret,vvi
It,it,pn
may,may,vmb
consume,consume,vvi
him,he,pno
without,without,acp-p
more,more,d-c
diseases,disease,n2
Let,let,vvb
him,he,pno
die,die,vvi
any,any,d
way,way,n1
men,man,n2
of,of,acp-p
his,his,po
quality,quality,n1
Are,be,vvb
living,live,vvg
but,but,acp-av
unprofitable,unprofitable,j
burdens,burden,n2
To,to,acp-p
the,the,d
earth,earth,n1
as,as,acp-cs
they,they,pns
were,be,vvd
born,bear,vvn
to,to,acp-cs
consume,consume,vvi
fruits,fruit,n2
And,and,cc
talk,talk,n1
of,of,acp-p
needless,needless,j
Sciences,science,n2
Who,who,crq-q
are,be,vvb
these,these,d
My,my,po
ancient,ancient,j
suitors,suitor,n2
Clod,clod,n1
the,the,d
Countryman,countryman,n1
And,and,cc
Gettings,get,n2_vg
the,the,d
rich,rich,j
Citizen,citizen,n1
Enter,enter,vvb
Clod,clod,n1
and,and,cc
Gettings,get,n2_vg
Get.,Get.,n-ab
she's,she|be,pns|vvz
here,here,av
Good,good,j
morrow,morrow,n1
to,to,acp-p
the,the,d
star,star,n1
of,of,acp-p
my,my,po
delight,delight,n1
Whose,who,crq-rg
beams,beam,n2
more,more,av-c_d
glorious,glorious,j
do,do,vvb
eclipse,eclipse,vvi
the,the,d
Sun,sun,n1
And,and,cc
cast,cast,vvd
a,a,d
richer,rich,j-c
warmth,warmth,n1
about,about,acp-p
the,the,d
world,world,n1
Ric.,Ric.,n-ab
How,how,crq-q
turned,turn,vvn
Poet,poet,n1
Get.,Get.,n-ab
Fear,fear,vvb
me,i,pno
not,not,xx
Lady,lady,n1
I,I,pns
am,be,vvm
none,none,pi-x
of,of,acp-p
those,those,d
were,be,vvd
born,bear,vvn
to't,to|it,acp-p|pn
I,I,pns
had,have,vvd
rather,rather,av-c
Be,be,vvi
a,a,d
jew,jew,n1-nn
then,then,av
christened,christen,vvn
in,in,acp-p
Parnassus',Parnassus,n1g-nn
Pomp,pomp,n1
I,I,pns
have,have,vvb
nothing,nothing,pi-x
but,but,acp-p
the,the,d
knuckles,knuckle,n2
and,and,cc
the,the,d
rumps,rump,n2
Of,of,acp-p
Poetry,poetry,n1
Ric.,Ric.,n-ab
Take,take,vvb
heed,heed,n1
in,in,acp-p
time,time,n1
lest,lest,cs
you,you,pn
become,become,vvb
infected,infect,vvn
With,with,acp-p
wit,wit,n1
I,I,pns
do,do,vvb
not,not,xx
love,love,vvi
poetic,poetic,j
fancies,fancy,n2
Nor,nor,cc-x
any,any,d
thing,thing,n1
that,that,cs
trenches,trench,n2
on,on,acp-p
the,the,d
Muses,Muse,n2-nn
They,they,pns
were,be,vvd
baggages,baggage,n2
and,and,cc
Phoebus,Phoebus,n1-nn
their,their,po
protector,protector,n1
Deserved,deserve,vvd
the,the,d
whipping,whip,j_vg
post,post,n1
Get.,Get.,n-ab
I,I,pns
have read,have|read,vvb|vvn
he,he,pns
was,be,vvd
A,a,d
common,common,j
Piper,piper,n1
and,and,cc
those,those,d
Nine,nine,crd
were,be,vvd
Gipsies,Gipsy,n2-nn
That,that,cs
lived,live,vvd
by,by,acp-p
cheating,cheat,vvg
Palmistry,palmistry,n1
Ric.,Ric.,n-ab
I,I,pns
like,like,vvb
it,it,pn
When,when,crq-cs
you,you,pn
do,do,vvb
rail,rail,vvi
at,at,acp-p
Learning,learning,n1
I,I,pns
allow,allow,vvb
you,you,pn
To,to,acp-cs
read,read,vvi
a,a,d
Ballad,ballad,n1
and,and,cc
ridiculous,ridiculous,j
Pamphlets,pamphlet,n2
Writ,write,vvn
on,on,acp-p
the,the,d
strength,strength,n1
of,of,acp-p
Beer,beer,n1
or,or,cc
some,some,d
dull,dull,j
liquor,liquor,n1
But,but,acp-cc
if,if,cs
you,you,pn
smell,smell,vvb
profane,profane,j
Sack,sack,n1
in,in,acp-p
a,a,d
Poem,poem,n1
Come,come,vvb
not,not,xx
within,within,acp-p
a,a,d
league,league,n1
of,of,acp-p
understanding,understanding,n1
As,as,acp-cs
you,you,pn
respect,respect,vvb
my,my,po
favour,favour,n1
Get.,Get.,n-ab
I,I,pns
am,be,vvm
instructed,instruct,vvn
Ric.,Ric.,n-ab
But,but,acp-cc
why,why,crq-q
does,do,vvz
Clod,clod,n1
stand,stand,vvi
all,all,d
this,this,d
while,while,n1
so,so,av
mute,mute,j
Clo.,Clo.,n-ab
Either,either,av_d
I,I,pns
am,be,vvm
John,John,n1-nn
a,a,d
Noakes,Noakes,n1-nn
or,or,cc
I,I,pns
am,be,vvm
not,not,xx
John,John,n1-nn
a,a,d
Noakes,Noakes,n1-nn
Ric.,Ric.,n-ab
He's,he|be,pns|vvz
dreaming,dream,vvg
of,of,acp-p
his,his,po
horses,horse,n2
Clod.,Clod.,n-ab
Gee,Gee,uh
sweet,sweet,j
Lady,lady,n1
I,I,pns
am,be,vvm
all,all,av_d
to,to,acp-cs
be,be,vvi
mired,mire,vvn
in,in,acp-p
your,your,po
beauty,beauty,n1
the,the,d
horses,horse,n2
of,of,acp-p
my,my,po
imagination,imagination,n1
are,be,vvb
foundered,founder,vvn
in,in,acp-p
the,the,d
highway,highway,n1
of,of,acp-p
your,your,po
perfections,perfection,n2
for,for,acp-cs
I,I,pns
am,be,vvm
deep,deep,j
in,in,acp-p
love,love,n1
with,with,acp-p
your,your,po
Ladyship,ladyship,n1
though,though,cs
I,I,pns
do,do,vvb
not,not,xx
wear,wear,vvi
such,such,d
fine,fine,j
clothes,clothes,n2
as,as,acp-p
Master,master,n1
Gettings,Gettings,n1-nn
here,here,av
and,and,cc
so,so,av
much,much,av_d
out,out,av
of,of,acp-p
fashion,fashion,n1
for,for,acp-cs
if,if,cs
I,I,pns
commend,commend,vvb
my,my,po
doublet,doublet,n1
I,I,pns
must,must,vmb
speak,speak,vvi
fustian,fustian,n1
yet,yet,av
my,my,po
heart,heart,n1
is,be,vvz
cut,cut,vvn
and,and,cc
flashed,flash,vvn
and,and,cc
I,I,pns
defy,defy,vvb
any,any,d
man,man,n1
that,that,cs
has,have,vvz
a,a,d
better,better,j-c
stomach,stomach,n1
to,to,acp-cs
you,you,pn
in,in,acp-p
the,the,d
way,way,n1
of,of,acp-p
Matrimony,matrimony,n1
Get.,Get.,n-ab
No,no,d-x
comparison,comparison,n1
Master,master,n1
Clod,clod,n1
Clod.,Clod.,n-ab
Let,let,vvb
him,he,pno
be,be,vvi
odious,odious,j
that,that,cs
names,name,vvz
comparison,comparison,n1
for,for,acp-p
my,my,po
part,part,n1
I,I,pns
scorn,scorn,vvb
'em,they,pno
all,all,d
and,and,cc
the,the,d
degrees,degree,n2
Get.,Get.,n-ab
You're,you|be,pn|vvb
very,very,av
positive,positive,j
Clod.,Clod.,n-ab
Dost,do,vv2
thou,thou,pns
positive,positive,j
me,i,pno
And,and,cc
my,my,po
Mistress,mistress,n1
were,be,vvd
not,not,xx
here,here,av
thou,thou,pns
shouldst,shall,vmd2
find,find,vvi
Clod,clod,n1
is,be,vvz
made,make,vvn
of,of,acp-p
another,another,d
guess,guess,n1
mould,mould,n1
than,than,cs
to,to,acp-cs
endure,endure,vvi
thy,thy,po
affronts,affront,n2
Ric.,Ric.,n-ab
And,and,cc
you,you,pn
quarrel,quarrel,n1
I,I,pns
am,be,vvm
gone,go,vvn
Ge.,Ge.,n-ab
Nay,nay,uh-x
nay,nay,uh-x
sweet,sweet,j
Lady,lady,n1
we,we,pns
shall,shall,vmb
be,be,vvi
friends,friend,n2
again,again,av
Ric.,Ric.,n-ab
I,I,pns
hope,hope,vvb
it,it,pn
wonot,will,vmb-x
stretch,stretch,vvi
to,to,acp-p
a,a,d
duel,duel,n1
Exit,Exit,fw-la
Get.,Get.,n-ab
Duell,Duell,n1
You,you,pn
wonot,will,vmb-x
provoke,provoke,vvi
me,i,pno
Clod,clod,n1
Will,will,vmb
you,you,pn
if,if,cs
you,you,pn
do,do,vvb
Clod,clod,n1
Clod.,Clod.,n-ab
I,I,pns
will,will,vmb
provoke,provoke,vvi
any,any,d
man,man,n1
living,live,vvg
in,in,acp-p
the,the,d
way,way,n1
of,of,acp-p
love,love,n1
Get.,Get.,n-ab
How,how,crq-q
Clod.,Clod.,n-ab
He,he,pns
that,that,cs
shall,shall,vmb
go,go,vvi
a-wooing,woo,vvg
to,to,acp-p
my,my,po
Mistress,mistress,n1
I,I,pns
will,will,vmb
provoke,provoke,vvi
him,he,pno
and,and,cc
he,he,pns
were,be,vvd
my,my,po
father,father,n1
Get.,Get.,n-ab
You're,you|be,pn|vvb
a,a,d
dirty,dirty,j
fellow,fellow,n1
Clod,clod,n1
and,and,cc
if,if,cs
I,I,pns
had,have,vvd
met,meet,vvn
thee,thou,pno
that,that,d
year,year,n1
I,I,pns
was,be,vvd
Scavenger,scavenger,n1
I,I,pns
would,will,vmd
have,have,vvi
had,have,vvn
thee,thou,pno
carted,cart,vvn
Clod.,Clod.,n-ab
Me,i,pno
carted,cart,vvd
Cart,cart,n1
thy,thy,po
Bawds,bawd,n2
there,there,av
be,be,vvi
enough,enough,av_d
within,within,acp-p
the,the,d
walls,wall,n2
dost,do,vv2
tell,tell,vvi
me,i,pno
of,of,acp-p
a,a,d
Scavenger,scavenger,n1
a,a,d
fart,fart,n1
for,for,acp-p
thy,thy,po
office,office,n1
I,I,pns
am,be,vvm
a,a,d
better,better,j-c
man,man,n1
in,in,acp-p
the,the,d
country,country,n1
than,than,cs
the,the,d
Constable,constable,n1
himself,himself,px
and,and,cc
do,do,vvb
tell,tell,vvi
thee,thou,pno
to,to,acp-p
thy,thy,po
face,face,n1
though,though,cs
I,I,pns
am,be,vvm
plain,plain,j
Clod,clod,n1
I,I,pns
care,care,vvb
not,not,xx
a,a,d
beanstalk,beanstalk,n1
for,for,acp-p
the,the,d
best,best,j-s
What,what,crq-q
lack,lack,vvb
you,you,pn
on,on,acp-p
you,you,pn
all,all,d
no,no,uh-x
not,not,xx
the,the,d
next,next,ord
day,day,n1
after,after,acp-p
Simon,Simon,n1-nn
and,and,cc
Jude,Judas,n1-nn
when,when,crq-cs
you,you,pn
go,go,vvb
a,a,d
feasting,feast,vvg
to,to,acp-p
Westminster,Westminster,n1-nn
with,with,acp-p
you,you,pn
Gallyfoist,Gallyfoist,n1
and,and,cc
your,your,po
potguns,potgun,n2
to,to,acp-p
the,the,d
very,very,j
terror,terror,n1
of,of,acp-p
the,the,d
Papet-whales,papet-whale,n2
when,when,crq-cs
you,you,pn
land,land,n1
in,in,acp-p
shoals,shoal,n2
and,and,cc
make,make,vvi
the,the,d
understanders,understander,n2
in,in,acp-p
Cheapside,Cheapside,n1-nn
wonder,wonder,vvb
to,to,acp-cs
see,see,vvi
ships,ship,n2
swim,swim,vvi
upon,upon,acp-p
men's,man,n2g
shoulders,shoulder,n2
when,when,crq-cs
the,the,d
fencer's,fencer,n1g
flourish,flourish,n1
and,and,cc
make,make,vvi
the,the,d
king's,king,n1g
liege,liege,n1
people,people,n1
fall,fall,vvi
down,down,acp-av
and,and,cc
Worship,worship,vvi
the,the,d
Devil,devil,n1
and,and,cc
Saint,saint,n1
Dunstan,Dunstan,n1-nn
when,when,crq-cs
your,your,po
whifflers,whiffler,n2
are,be,vvb
hanged,hang,vvn
in,in,acp-p
chains,chain,n2
and,and,cc
Hercules',Hercules,n1g-nn
Club,club,n1
spits,spit,vvz
fire,fire,n1
about,about,acp-p
the,the,d
Pageants,pageant,n2
though,though,cs
the,the,d
poor,poor,j
children,child,n2
catch,catch,vvi
cold,cold,j
that,that,cs
show,show,vvi
like,like,acp-p
painted,paint,j_vn
cloth,cloth,n1
and,and,cc
are,be,vvb
only,only,av_j
kept,keep,vvn
alive,alive,j
with,with,acp-p
sugar,sugar,n1
plums,plum,n2
with,with,acp-p
whom,who,crq-ro
when,when,crq-cs
the,the,d
word,word,n1
is,be,vvz
given,give,vvn
you,you,pn
march,march,vvb
to,to,acp-p
Guildhall,Guildhall,n1-nn
with,with,acp-p
every,every,d
man,man,n1
his,his,po
spoon,spoon,n1
in,in,acp-p
his,his,po
pocket,pocket,n1
where,where,crq-cs
you,you,pn
look,look,vvb
upon,upon,acp-p
the,the,d
Giants,giant,n2
and,and,cc
feed,feed,vvi
like,like,acp-p
Sarazens,Saracen,n2-nn
till,till,acp-cs
you,you,pn
have,have,vvb
no,no,d-x
stomach,stomach,n1
to,to,acp-p
Paul's,Paul,n1g-nn
in,in,acp-p
the,the,d
afternoon,afternoon,n1
I,I,pns
have,have,vvb
seen,see,vvn
your,your,po
Processions,procession,n2
and,and,cc
heard,hear,vvd
your,your,po
Lions,lion,n2
and,and,cc
Camels,camel,n2
make,make,vvb
speeches,speech,n2
in,in,acp-p
stead,stead,n1
of,of,acp-p
Grace,grace,n1
before,before,acp-av
and,and,cc
after,after,acp-p
dinner,dinner,n1
I,I,pns
have,have,vvb
heard,hear,vvn
songs,song,n2
too,too,av
or,or,cc
something,something,pi
like,like,acp-p
'em,they,pno
but,but,acp-cc
the,the,d
Porters,porter,n2
have,have,vvb
had,have,vvn
the,the,d
burden,burden,n1
who,who,crq-r
were,be,vvd
kept,keep,vvn
sober,sober,j
at,at,acp-p
the,the,d
City,city,n1
charge,charge,n1
two,two,crd
days,day,n2
before,before,acp-av
to,to,acp-cs
keep,keep,vvi
time,time,n1
and,and,cc
tune,tune,n1
with,with,acp-p
their,their,po
feet,foot,n2
for,for,acp-p
brag,brag,vvi
what,what,crq-r
you,you,pn
will,will,vmb
of,of,acp-p
your,your,po
charge,charge,n1
all,all,d
your,your,po
pomp,pomp,n1
lies,lie,vvz
upon,upon,acp-p
their,their,po
back,back,n1
Get.,Get.,n-ab
So,So,av
so,so,av
Clo.,Clo.,n-ab
Must,must,vmb
this,this,d
day's,day,n1g
pride,pride,n1
so,so,av
blow,blow,vvb
you,you,pn
up,up,acp-av
that,that,cs
a,a,d
countryman's,countryman,n1g
tale,tale,n1
may,may,vmb
not,not,xx
be,be,vvi
heard,hear,vvn
Get.,Get.,n-ab
That,that,cs
day's,day,n1g
pride,pride,n1
Clo.,Clo.,n-ab
Or,or,cc
what,what,crq-q
is't,be|it,vvz|pn
make,make,n1
you,you,pn
Gambol,gambol,vvb
so,so,av
Get.,Get.,n-ab
Why,why,crq-q
anger,anger,n1
has,have,vvz
made,make,vvn
you,you,pn
witty,witty,j
Countryman,countryman,n1
Clo.,Clo.,n-ab
Thou,thou,pns
liest,lie,vv2
and,and,cc
I,I,pns
am,be,vvm
none,none,pi-x
of,of,acp-p
thy,thy,po
Countryman,countryman,n1
I,I,pns
was,be,vvd
born,bear,vvn
out,out,av
of,of,acp-p
the,the,d
sound,sound,n1
of,of,acp-p
your,your,po
Pancakebell,pancakebell,n1
I,I,pns
cannot,can,vmb-x
abide,abide,vvi
to,to,acp-cs
see,see,vvi
a,a,d
proud,proud,j
fellow,fellow,n1
and,and,cc
it,it,pn
were,be,vvd
not,not,xx
for,for,acp-p
us,we,pno
in,in,acp-p
the,the,d
Country,country,n1
you,you,pn
would,will,vmd
have,have,vvi
but,but,acp-av
a,a,d
lean,lean,j
City,city,n1
we,we,pns
maintain,maintain,vvb
your,your,po
Charter,charter,n1
and,and,cc
your,your,po
Chamber,chamber,n1
too,too,av
you,you,pn
would,will,vmd
ha',have,vvi
but,but,acp-av
ill,ill,j
markets,market,n2
and,and,cc
we,we,pns
should,shall,vmd
forswear,forswear,vvi
to,to,acp-cs
furnish,furnish,vvi
'em,they,pno
where,where,crq-cs
were,be,vvd
your,your,po
hides,hide,n2
horns,horn,n2
and,and,cc
plenty,plenty,n1
of,of,acp-p
other,other,d
provision,provision,n1
your,your,po
wives,wife,n2
could,can,vmd
not,not,xx
do,do,vvi
as,as,acp-cs
they,they,pns
do,do,vvb
with,with,acp-p
your,your,po
short,short,j
yard,yard,n1
and,and,cc
your,your,po
false,false,j
light,light,n1
and,and,cc
the,the,d
Country,country,n1
should,shall,vmd
not,not,xx
come,come,vvi
in,in,acp-p
upon,upon,acp-p
them,they,pno
Come,Come,vvb
you,you,pn
cannot,can,vmb-x
live,live,vvi
without,without,acp-p
us,we,pno
you,you,pn
may,may,vmb
be,be,vvi
called,call,vvn
a,a,d
body,body,n1
Politic,politic,j
but,but,acp-cc
the,the,d
Country,country,n1
is,be,vvz
the,the,d
soul,soul,n1
and,and,cc
therefore,therefore,av
subscribe,subscribe,vvb
and,and,cc
give,give,vvi
way,way,n1
to,to,acp-p
me,i,pno
Get.,Get.,n-ab
The,the,d
highway,highway,n1
but,but,acp-cc
not,not,xx
the,the,d
wall,wall,n1
in,in,acp-p
London,London,n1-nn
do,do,vvb
you,you,pn
know,know,vvb
where,where,crq-cs
you,you,pn
are,be,vvb
and,and,cc
what,what,crq-r
you,you,pn
have,have,vvb
talked,talk,vvn
all,all,d
this,this,d
while,while,n1
an,a,d
Informer,informer,n1
would,will,vmd
squeeze,squeeze,vvi
your,your,po
trunk,trunk,n1
hose,hose,n1
for,for,acp-p
this,this,d
and,and,cc
teach,teach,vvb
you,you,pn
to,to,acp-cs
know,know,vvi
your,your,po
Terms,term,n2
and,and,cc
your,your,po
Attorneys,attorney,n2
Clo.,Clo.,n-ab
I'll,I|will,pns|vmb
have,have,vvi
as,as,acp-p
good,good,j
Law,law,n1
for,for,acp-p
my,my,po
money,money,n1
as,as,acp-cs
the,the,d
best,best,j-s
on,on,acp-p
you,you,pn
I,I,pns
know,know,vvb
what,what,crq-r
belongs,belong,vvz
to't,to|it,acp-p|pn
I,I,pns
have,have,vvb
almost,almost,av
broke,break,vvn
the,the,d
Parson,parson,n1
of,of,acp-p
the,the,d
Parish,parish,n1
already,already,av
about,about,acp-p
his,his,po
tithe-eggs,tithe-egg,n2
Get.,Get.,n-ab
Why,why,crq-q
thou,thou,pns
lump,lump,n1
of,of,acp-p
ignorance,ignorance,n1
leather,leather,n1
and,and,cc
husbandry,husbandry,n1
ill,ill,av_j
compounded,compound,vvn
thou,thou,pns
that,that,cs
hast,have,vv2
been,be,vvn
so,so,av
long,long,j
a,a,d
dunghill,dunghill,n1
till,till,acp-cs
the,the,d
weeds,weed,n2
have,have,vvb
overgrown,overgrow,vvn
thee,thou,pno
and,and,cc
afar,afar,av
off,off,acp-av
hast,have,vv2
cozened,cozen,vvn
a,a,d
horse,horse,n1
thou,thou,pns
that,that,cs
dost,do,vv2
whistle,whistle,vvi
out,out,av
thy,thy,po
prayers,prayer,n2
and,and,cc
won't,will,vmb-x
change,change,vvi
thy,thy,po
dirty,dirty,j
soil,soil,n1
for,for,acp-cs
so,so,av
many,many,d
acres,acre,n2
in,in,acp-p
Paradise,paradise,n1
nor,nor,cc-x
leave,leave,vvb
thy,thy,po
share,share,n1
o'the,of|the,acp-p|d
plough,plough,n1
for,for,acp-p
Saint,saint,n1
Peter's,Peter,n1g-nn
patrimony,patrimony,n1
thou,thou,pns
that,that,cs
were,be,vvd
begot,beget,vvn
upon,upon,acp-p
a,a,d
hay-mow,hay-mow,n1
bred,breed,vvn
in,in,acp-p
thy,thy,po
father's,father,n1g
stable,stable,n1
and,and,cc
out-dunged,out-dung,vvd
his,his,po
Cattle,cattle,n2
thou,thou,pns
that,that,cs
at,at,acp-p
one,one,crd
and,and,cc
twenty,twenty,crd
wert,be,vvd2
only,only,j
able,able,j
to,to,acp-cs
write,write,vvi
a,a,d
sheep's,sheep,n1g
mark,mark,vvb
in,in,acp-p
Tar,tar,n1
and,and,cc
read,read,vvb
thy,thy,po
own,own,d
capital,capital,j
letter,letter,n1
like,like,acp-p
a,a,d
gallous,gallous,j
upon,upon,acp-p
a,a,d
cow's,cow,n1g
buttock,buttock,n1
you,you,pn
that,that,cs
allow,allow,vvb
no,no,d-x
Scripture,scripture,n1
Canonical,canonical,j
but,but,acp-cc
an,a,d
Almanac,almanac,n1
which,which,crq-r
makes,make,vvz
you,you,pn
weather-wise,weather-wise,j
and,and,cc
puts,put,vvz
you,you,pn
in,in,acp-p
hope,hope,n1
of,of,acp-p
a,a,d
dear,dear,j
year,year,n1
let,let,vvb
the,the,d
Country,country,n1
starve,starve,vvb
and,and,cc
the,the,d
poor,poor,j
grind,grind,vvi
provender,provender,n1
so,so,av
the,the,d
market,market,n1
rise,rise,vvb
let,let,vvb
your,your,po
soul,soul,n1
fall,fall,vvi
to,to,acp-p
the,the,d
Devil,devil,n1
among,among,acp-p
the,the,d
Corn-cutters,corn-cutter,n2
I,I,pns
am,be,vvm
ashamed,ashamed,j
to,to,acp-cs
hold,hold,vvi
discourse,discourse,n1
any,any,d
longer,long,av-c_j
with,with,acp-p
thee,thou,pno
only,only,av_j
one,one,crd
word,word,n1
I,I,pns
would,will,vmd
advise,advise,vvi
you,you,pn
to,to,acp-cs
let,let,vvi
your,your,po
action,action,n1
of,of,acp-p
love,love,n1
fall,fall,vvi
and,and,cc
be,be,vvi
content,content,j
to,to,acp-cs
marry,marry,vvi
with,with,acp-p
Malkin,malkin,n1
in,in,acp-p
the,the,d
Country,country,n1
she,she,pns
can,can,vmb
churn,churn,vvi
well,well,av
and,and,cc
humble,humble,vvi
herself,herself,px
behind,behind,acp-p
a,a,d
hedge,hedge,n1
for,for,acp-p
this,this,d
Lady,lady,n1
is,be,vvz
no,no,d-x
lettuce,lettuce,n1
for,for,acp-p
your,your,po
lips,lip,n2
go,go,vvb
go,go,vvi
meddle,meddle,vvb
with,with,acp-p
your,your,po
jades,jade,n2
and,and,cc
exercise,exercise,vvi
a,a,d
whip,whip,n1
among,among,acp-p
your,your,po
bread,bread,n1
and,and,cc
cheese,cheese,n1
eaters,eater,n2
Clo.,Clo.,n-ab
Sirrah,sirrah,n1
Cit,Cit,n1-nn
I,I,pns
do,do,vvb
challenge,challenge,vvi
thee,thou,pno
Get.,Get.,n-ab
What,what,crq-q
weapon,weapon,n1
Clo.,Clo.,n-ab
The,the,d
next,next,ord
deedlefeedle,deedlefeedle,n1
shall,shall,vmb
furnish,furnish,vvi
us,we,pno
both,both,d
if,if,cs
thou,thou,pns
hast,have,vv2
any,any,d
moral,moral,n1
let,let,vvb
us,we,pno
try,try,vvi
before,before,acp-cs
we,we,pns
part,part,vvb
who,who,crq-r
is,be,vvz
the,the,d
better,better,j-c
man,man,n1
"Get,",Gettings,n1-nn
If,if,cs
thou,thou,pns
hast,have,vv2
any,any,d
ambition,ambition,n1
to,to,acp-cs
be,be,vvi
beaten,beat,vvn
to,to,acp-p
dust,dust,n1
Clod,clod,n1
thank,thank,vvb
yourself,yourself,px
Clo.,Clo.,n-ab
I,I,pns
will,will,vmb
flash,flash,vvi
thy,thy,po
skin,skin,n1
like,like,acp-p
a,a,d
Summer,summer,n1
doublet,doublet,n1
come,come,vvb
thy,thy,po
ways,way,n2
Enter,enter,vvb
a,a,d
Courtier,courtier,n1
and,and,cc
a,a,d
Soldier,soldier,n1
court,court,n1
Honour,honour,n1
Ingenuity,ingenuity,n1
Cour.,Cour.,n-ab
Look,look,vvb
this,this,d
way,way,n1
Lady,lady,n1
and,and,cc
in,in,acp-p
me,i,pno
behold,behold,vvi
Your,your,po
truest,true,j-s
servant,servant,n1
Sol.,Sol.,n-ab
'Tis,it|be,pn|vvz
but,but,acp-av
airy,airy,j
Courtship,courtship,n1
That,that,cs
he,he,pns
professes,profess,vvz
look,look,vvb
upon,upon,acp-p
the,the,d
Lady,lady,n1
That,that,cs
can,can,vmb
be,be,vvi
active,active,j
in,in,acp-p
your,your,po
service,service,n1
Ing.,Ing.,n1-nn
'Tis,it|be,pn|vvz
The,the,d
Courtier,courtier,n1
and,and,cc
the,the,d
Soldier,soldier,n1
pleading,plead,vvg
their,their,po
Affection,affection,n1
to,to,acp-p
my,my,po
mistress,mistress,n1
Lady,lady,n1
donor,donor,n1
I,I,pns
won't,will,vmb-x
interrupt,interrupt,vvi
them,they,pno
yet,yet,av
I,I,pns
cannot,can,vmb-x
Find,find,vvi
by,by,acp-p
her,she,pno
countenance,countenance,n1
that,that,cs
she,she,pns
inclines,incline,vvz
to,to,acp-p
either,either,d
Col.,Col.,n-ab
Bless,bless,vvb
me,i,pno
but,but,acp-av
with,with,acp-p
one,one,crd
smile,smile,n1
if,if,cs
you,you,pn
did,do,vvd
know,know,vvi
With,with,acp-p
what,what,crq-r
devotion,devotion,n1
my,my,po
soul,soul,n1
looks,look,vvz
on,on,acp-p
you,you,pn
How,how,crq-cs
next,next,ord
to,to,acp-p
my,my,po
religion,religion,n1
I,I,pns
have,have,vvb
placed,place,vvn
If,if,cs
not,not,xx
above,above,acp-p
it,it,pn
your,your,po
bright,bright,j
excellence,excellence,n1
How,how,crq-cs
long,long,av_j
since,since,acp-cs
I,I,pns
first,first,ord
vowed,vow,vvd
myself,myself,px
your,your,po
captive,captive,n1
That,that,cs
eye,eye,n1
would,will,vmd
dain,deign,vvi
some,some,d
influence,influence,n1
Sol.,Sol.,n-ab
I,I,pns
have,have,vvb
No,no,d-x
stock,stock,n1
of,of,acp-p
soft,soft,j
and,and,cc
melting,melt,j_vg
words,word,n2
to,to,acp-p
charm,charm,vvi
you,you,pn
Such,such,d
silken,silken,j
language,language,n1
we,we,pns
are,be,vvb
strangers,stranger,n2
to,to,acp-p
We,we,pns
are,be,vvb
used,use,vvn
to,to,acp-p
other,other,d
Dialect,dialect,n1
and,and,cc
imitate,imitate,vvi
the,the,d
Drum,drum,n1
Bold,bold,j
Artillery,artillery,n1
can,can,vmb
you,you,pn
love,love,vvi
me,i,pno
When,when,crq-cs
I,I,pns
have,have,vvb
marched,march,vvn
upon,upon,acp-p
the,the,d
dreadful,dreadful,j
Cannon,cannon,n1
My,my,po
heart,heart,n1
was,be,vvd
fixed,fix,vvn
on,on,acp-p
Honour,honour,n1
nor,nor,cc-x
could,can,vmd
death,death,n1
In,in,acp-p
all,all,d
her,her,po
shapes,shape,n2
of,of,acp-p
horror,horror,n1
tempt,tempt,vvb
one,one,crd
thought,thought,n1
To,to,acp-p
base,base,j
retire,retire,n1
when,when,crq-cs
no,no,d-x
voice,voice,n1
could,can,vmd
be,be,vvi
heard,hear,vvn
But,but,acp-cc
thunder,thunder,n1
and,and,cc
no,no,d-x
object,object,n1
seen,see,vvn
but,but,acp-av
lightning,lightning,n1
Which,which,crq-r
seemed,seem,vvd
to,to,acp-cs
have,have,vvi
been,be,vvn
struck,strike,vvn
from,from,acp-p
the,the,d
first,first,ord
Chaos,Chaos,n1
So,so,av
great,great,j
a,a,d
darkness,darkness,n1
had,have,vvd
eclipsed,eclipse,vvn
the,the,d
Sun,Sun,n1
Yet,yet,av
then,then,av
I,I,pns
thought,think,vvd
on,on,acp-p
Honour,honour,n1
and,and,cc
looked,look,vvn
Their,their,po
lives,life,n2
that,that,cs
sunk,sink,vvn
about,about,acp-p
me,i,pno
everybody,everybody,pi
I,I,pns
trod,tread,vvd
upon,upon,acp-p
for,for,acp-cs
now,now,av
the,the,d
dead,dead,j
had,have,vvd
buried,bury,vvn
The,the,d
earth,earth,n1
gave,give,vvd
me,i,pno
addition,addition,n1
to,to,acp-p
Where,where,crq-cs
in,in,acp-p
my,my,po
imagination,imagination,n1
I,I,pns
saw,see,vvd
Thee,thou,pno
charioted,chariot,vvn
and,and,cc
dropping,drop,vvg
down,down,acp-av
a,a,d
Garland,garland,n1
Ho.,Ho.,n-ab
No,no,av-x_d
more,more,d-c
there,there,av
are,be,vvb
but,but,acp-av
complainers,complainer,n2
of,of,acp-p
wars,war,n2
Perhaps,perhaps,av
some,some,d
studied,study,j_vn
speech,speech,n1
I,I,pns
love,love,vvb
your,your,po
quality,quality,n1
But,but,acp-cc
am,be,vvm
not,not,xx
taught,teach,vvn
with,with,acp-p
these,these,d
Hyperboles,hyperbole,n2
Honour's,honour|be,n1|vvz
not,not,xx
won,win,vvn
with,with,acp-p
words,word,n2
true,true,j
valour,valour,n1
needs,need,vvz
No,no,uh-x
paint,paint,vvb
of,of,acp-p
ostentation,ostentation,n1
the,the,d
wound,wound,n1
That,that,cs
has,have,vvz
the,the,d
greatest,great,j-s
orifice,orifice,n1
includes,include,vvz
not,not,xx
The,the,d
greatest,great,j-s
danger,danger,n1
Ing.,Ing.,n-ab
She,she,pns
has,have,vvz
quashed,quash,vvn
his,his,po
culverin,culverin,n1
And,and,cc
now,now,av
he's,he|be,pns|vvz
swearing,swear,vvg
out,out,av
some,some,d
prayers,prayer,n2
Cour.,Cour.,n-ab
She's,she|be,pns|vvz
mine,i,png
Thus,thus,av
looked,look,vvd
the,the,d
moon,moon,n1
when,when,crq-cs
with,with,acp-p
her,her,po
virgin,virgin,n1
fires,fire,n2
She,she,pns
went,go,vvd
in,in,acp-p
progress,progress,n1
to,to,acp-p
the,the,d
mountain,mountain,n1
Latmos,Latmos,n1-nn
To,to,acp-cs
visit,visit,vvi
her,she,pno
Endymion,Endymion,n1-nn
yet,yet,av
I,I,pns
injure,injure,vvi
Your,your,po
beauty,beauty,n1
to,to,acp-cs
compare,compare,vvi
it,it,pn
to,to,acp-p
her,her,po
orb,orb,n1
Of,of,acp-p
silver,silver,n1
light,light,n1
the,the,d
Sun,sun,n1
from,from,acp-p
which,which,crq-r
she,she,pns
borrows,borrow,vvz
That,that,cs
makes,make,vvz
her,she,pno
up,up,acp-av
the,the,d
nightly,nightly,j
Lamp,lamp,n1
of,of,acp-p
heaven,heaven,n1
Has,have,vvz
in,in,acp-p
his,his,po
stock,stock,n1
of,of,acp-p
beams,beam,n2
not,not,xx
half,half,j
your,your,po
luster,luster,n1
Enrich,enrich,vvb
the,the,d
earth,earth,n1
still,still,av
with,with,acp-p
your,your,po
sacred,sacred,j
presence,presence,n1
Upon,upon,acp-p
each,each,d
object,object,n1
throw,throw,vvi
a,a,d
glorious,glorious,j
star,star,n1
Created,create,vvn
by,by,acp-p
your,your,po
sight,sight,n1
that,that,cs
when,when,crq-cs
the,the,d
learned,learned,j
Astronomer,astronomer,n1
comes,come,vvz
forth,forth,av
to,to,acp-cs
examine,examine,vvi
heaven,heaven,n1
He,he,pns
may,may,vmb
find,find,vvi
two,two,crd
and,and,cc
be,be,vvi
himself,himself,px
divided,divide,vvn
Which,which,crq-r
he,he,pns
should,shall,vmd
first,first,ord
contemplate,contemplate,vvi
Ho.,Ho.,n-ab
You,you,pn
both,both,av_d
love,love,vvb
me,i,pno
Cour.,Cour.,n-ab
But,but,acp-cc
I,I,pns
the,the,d
best,best,j-s
Sol.,Sol.,n-ab
How,how,crq-q
sir,sir,n1
the,the,d
best,best,j-s
Cou.,Cou.,n-ab
Ere,ere,acp-p
since,since,acp-cs
I,I,pns
knew,know,vvd
the,the,d
Court,court,n1
I,I,pns
had,have,vvd
no,no,d-x
other,other,d
study,study,n1
but,but,acp-p
to,to,acp-cs
advance,advance,vvi
myself,myself,px
to,to,acp-p
Honour,honour,n1
all,all,d
my,my,po
suits,suit,n2
have,have,vvb
been,be,vvn
Directed,direct,vvn
to,to,acp-p
this,this,d
one,one,crd
that,that,cs
Honour,honour,n1
would,will,vmd
Fix,fix,vvi
me,i,pno
among,among,acp-p
those,those,d
other,other,d
Constellations,constellation,n2
That,that,cs
shine,shine,vvb
about,about,acp-p
the,the,d
King,king,n1
'tis,it|be,pn|vvz
in,in,acp-p
thy,thy,po
love,love,n1
To,to,acp-cs
plant,plant,vvi
a,a,d
Coronet,coronet,n1
here,here,av
and,and,cc
then,then,av
I,I,pns
dare,dare,vvb
justle,justle,vvi
the,the,d
proudest,proud,j-s
Hero,hero,n1
and,and,cc
be,be,vvi
inscribed,inscribe,vvn
A,a,d
demi,demi,j
god,god,n1
frown,frown,vvb
dead,dead,j
the,the,d
humble,humble,j
mortal,mortal,j
And,and,cc
with,with,acp-p
my,my,po
breath,breath,n1
call,call,vvb
back,back,av
their,their,po
souls,soul,n2
again,again,av
What,what,crq-q
cannot,can,vmb-x
Honour,honour,n1
do,do,vvi
Ho.,Ho.,n-ab
Not,not,xx
that,that,cs
you,you,pn
boast,boast,vvb
True,true,j
Honour,honour,n1
makes,make,vvz
not,not,xx
proud,proud,j
not,not,xx
takes,take,vvz
delight,delight,vvb
i'th',in|the,acp-p|d
ruin,ruin,n1
of,of,acp-p
poor,poor,j
virtue,virtue,n1
So.,So.,n-ab
Sir,sir,n1
you,you,pn
said,say,vvd
you,you,pn
loved,love,vvd
her,her,po
best,best,j-s
Co.,Co.,n-ab
And,and,cc
will,will,vmb
maintain,maintain,vvi
it,it,pn
So.,So.,n-ab
You,you,pn
cannot,can,vmb-x
dare,dare,vvb
not,not,xx
Co.,Co.,n-ab
Dare,dare,vvb
not,not,xx
Ho.,Ho.,n-ab
So,so,av
peremptory,peremptory,j
Honour,honour,n1
may,may,vmb
in,in,acp-p
time,time,n1
Find,find,vvb
ways,way,n2
to,to,acp-cs
tame,tame,vvi
the,the,d
insolent,insolent,j
Lady,lady,n1
Riches,riches,n2
But,but,acp-cc
leave,leave,vvb
her,she,pno
to,to,acp-p
her,her,po
pride,pride,n1
Ing.,Ing.,n-ab
The,the,d
Courtier,courtier,n1
and,and,cc
The,the,d
Soldier,soldier,n1
look,look,vvb
as,as,acp-cs
they,they,pns
would,will,vmd
quarrel,quarrel,vvi
Ho.,Ho.,n-ab
Let,let,vvb
'em,they,pno
You,you,pn
see,see,vvb
how,how,crq-cs
they,they,pns
pursue,pursue,vvb
me,i,pno
still,still,av
but,but,acp-cc
Honour,honour,n1
Is,be,vvz
not,not,xx
so,so,av
easily,easy,av_j
obtained,obtain,vvn
Ing.,Ing.,n-ab
They,they,pns
are,be,vvb
Gay,gay,j
creatures,creature,n2
and,and,cc
conspicuous,conspicuous,j
in,in,acp-p
the,the,d
world,world,n1
Ho.,Ho.,n-ab
But,but,acp-cc
no,no,d-x
such,such,d
miracles,miracle,n2
Gentlemen,gentleman,n2
you,you,pn
promise,promise,vvb
Some,some,d
spirit,spirit,n1
in,in,acp-p
you,you,pn
there's,there|be,av|vvz
no,no,d-x
way,way,n1
to,to,acp-cs
make,make,vvi
Me,i,pno
confident,confident,j
of,of,acp-p
your,your,po
worth,worth,n1
but,but,acp-p
by,by,acp-p
your,your,po
action,action,n1
In,in,acp-p
brief,brief,n1
if,if,cs
you,you,pn
be,be,vvb
ambitious,ambitious,j
of,of,acp-p
Honour,honour,n1
You,you,pn
must,must,vmb
fight,fight,vvi
for,for,acp-p
me,i,pno
and,and,cc
as,as,acp-p
fame,fame,n1
shall,shall,vmb
give,give,vvi
me,i,pno
Your,your,po
character,character,n1
I,I,pns
shall,shall,vmb
distinguish,distinguish,vvi
you,you,pn
And,and,cc
cherish,cherish,vvi
worth,worth,n1
mean,mean,j
time,time,n1
I,I,pns
take,take,vvb
my,my,po
leave,leave,n1
Come,Come,vvb
Ingenuity,Ingenuity,n1-nn
you,you,pn
and,and,cc
I,I,pns
must,must,vmb
have,have,vvi
Some,some,d
private,private,j
conference,conference,n1
I,I,pns
dare,dare,vvb
trust,trust,vvb
your,your,po
bosom,bosom,n1
With,with,acp-p
some,some,d
thing,thing,n1
of,of,acp-p
more,more,d-c
weight,weight,n1
Ing.,Ing.,n-ab
I,I,pns
am,be,vvm
then,then,av
happy,happy,j
When,when,crq-cs
you,you,pn
command,command,vvb
me,i,pno
service,service,n1
Ho.,Ho.,n-ab
And,and,cc
I,I,pns
keep,keep,vvb
A,a,d
Register,register,n1
of,of,acp-p
all,all,d
and,and,cc
though,though,cs
delayed,delay,vvn
Forget,forget,vvb
not,not,xx
the,the,d
reward,reward,n1
Exeunt,exeunt,fw-la
Honour,honour,n1
Ing.,Ing.,n-ab
So.,So.,n-ab
Hark,hark,vvb
Master,master,n1
Cringe,cringe,vvi
How,how,crq-q
d'ye,do|you,vvb|pn
like,like,acp-p
her,her,po
sentence,sentence,n1
If,if,cs
you,you,pn
mean,mean,vvb
To,to,acp-cs
have,have,vvi
Honour,honour,n1
you,you,pn
must,must,vmb
fight,fight,vvi
for't,for|it,acp-p|pn
not,not,xx
oiled,oil,j_vn
speeches,speech,n2
Nor,nor,cc-x
crinkling,crinkle,vvg
in,in,acp-p
the,the,d
hams,ham,n2
will,will,vmb
carry,carry,vvi
her,she,pno
You,you,pn
have,have,vvb
worn,wear,vvn
a,a,d
sword,sword,n1
thus,thus,av
long,long,av_j
to,to,acp-cs
show,show,vvi
the,the,d
hilt,hilt,n1
Now,now,av
let,let,vvb
the,the,d
blade,blade,n1
appear,appear,vvi
Co.,Co.,n-ab
Good,good,j
Captain,captain,n1
Voice,voice,n1
It,it,pn
shall,shall,vmb
and,and,cc
reach,reach,vvb
you,you,pn
manners,manner,n2
I,I,pns
have,have,vvb
yet,yet,av
No,no,d-x
Ague,ague,n1
I,I,pns
can,can,vmb
look,look,vvi
upon,upon,acp-p
your,your,po
buff,buff,n1
And,and,cc
punto,punto,n1
beard,beard,n1
and,and,cc
call,call,vvb
for,for,acp-p
no,no,d-x
strong,strong,j
waters,water,n2
I,I,pns
am,be,vvm
no,no,d-x
Tavern,tavern,n1
gull,gull,vvi
that,that,cs
wants,want,vvz
protection,protection,n1
Whom,who,crq-ro
you,you,pn
with,with,acp-p
oaths,oath,n2
do,do,vvb
use,use,vvi
to,to,acp-cs
mortify,mortify,vvi
And,and,cc
swear,swear,vvi
into,into,acp-p
the,the,d
payments,payment,n2
of,of,acp-p
all,all,d
reckonings,reckon,n2_vg
Upon,upon,acp-p
whose,who,crq-rg
credit,credit,n1
you,you,pn
wear,wear,vvb
belt,belt,n1
and,and,cc
feather,feather,n1
Top,top,n1
and,and,cc
top,top,n1
gallant,gallant,j
and,and,cc
can,can,vmb
make,make,vvi
him,he,pno
seal,seal,vvi
At,at,acp-p
midnight,midnight,n1
to,to,acp-p
your,your,po
tailor,tailor,n1
go,go,vvb
invite,invite,vvb
Young,young,j
Gentlemen,gentleman,n2
to,to,acp-p
dinner,dinner,n1
and,and,cc
then,then,av
pawn,pawn,vvb
'em,they,pno
Or,or,cc
valiantly,valiant,av_j
with,with,acp-p
some,some,d
of,of,acp-p
your,your,po
own,own,d
file,file,n1
Conspire,conspire,vvb
a,a,d
Sconce,sconce,n1
or,or,cc
to,to,acp-p
a,a,d
bawdy,bawdy,j
house,house,n1
March,march,vvi
with,with,acp-p
your,your,po
Regiment,regiment,n1
and,and,cc
kick,kick,vvi
the,the,d
Leverets,leveret,n2
Make,make,vvb
cullis,cullis,n1
o'the,of|the,acp-p|d
Bawds,bawd,n2
yet,yet,av
be,be,vvi
made,make,vvn
friends,friend,n2
Before,before,acp-cs
the,the,d
Constable,constable,n1
be,be,vvb
sent,send,vvn
for,for,acp-p
and,and,cc
Run,run,vvi
to the,to|the,acp-p|d
ticket,ticket,n1
for,for,acp-p
the,the,d
pox,pox,n1
these,these,d
services,service,n2
I,I,pns
do,do,vvb
presume,presume,vvi
you,you,pn
are,be,vvb
acquainted,acquaint,vvn
with,with,acp-p
So.,So.,n-ab
Musk-Cat,musk-cat,n1
Co.,Co.,n-ab
Or,or,cc
wert,be,vvd2
thou,thou,pns
what,what,crq-r
thou,thou,pns
seem'st,seem,vv2
a,a,d
Soldier,soldier,n1
For,for,acp-cs
so,so,av
much,much,d
good,good,j
I,I,pns
wish,wish,vvb
thee,thou,pno
for,for,acp-p
my,my,po
honour,honour,n1
When,when,crq-cs
I,I,pns
have,have,vvb
killed,kill,vvn
thee,thou,pno
So.,So.,n-ab
Sirrah,sirrah,n1
Civet-box,civet-box,n1
Co.,Co.,n-ab
Let,let,vvb
me,i,pno
ask,ask,vvi
your,your,po
Soldier,soldier,n1
ship,ship,n1
but,but,acp-av
one,one,pi
cold,cold,j
question,question,n1
If,if,cs
Lady,lady,n1
Honour,honour,n1
whom,who,crq-ro
you,you,pn
have,have,vvb
presumed,presume,vvn
Without,without,acp-p
good,good,j
manners,manner,n2
to,to,acp-cs
affect,affect,vvi
should,shall,vmd
possibly,possible,av_j
Descend,descend,vvb
to,to,acp-cs
marry,marry,vvi
thee,thou,pno
prithee,prithee,uh
what,what,crq-q
jointure,jointure,n1
Couldst,can,vmd2
thou,thou,pns
make,make,vvi
her,she,pno
So.,So.,n-ab
jointure,jointure,n1
Co.,Co.,n-ab
I'll,I|will,pns|vmb
admit,admit,vvi
for,for,acp-p
arguments,argument,n1g
sake,sake,n1
Thou,thou,pns
art,be,vv2
a,a,d
Soldier,soldier,n1
perhaps,perhaps,av
You,you,pn
will,will,vmb
give,give,vvi
her,she,pno
a,a,d
Catalogue,catalogue,n1
of,of,acp-p
Towns,town,n2
Or,or,cc
Leaguers,leaguer,n2
the,the,d
names,name,n2
of,of,acp-p
bridges,bridge,n2
broken,break,vvn
down,down,acp-av
Your,your,po
nose,nose,n1
in,in,acp-p
time,time,n1
may,may,vmb
make,make,vvi
another,another,d
you,you,pn
will,will,vmb
tell,tell,vvi
her,she,pno
Of,of,acp-p
onslaughts,onslaught,n2
Bulwarks,bulwark,n2
Barricado,barricado,n1
Forts,fort,n2
Of,of,acp-p
Cannon,cannon,n1
Culvering,culver,vvg
Sacres,sacre,n2
and,and,cc
a,a,d
rabble,rabble,n1
Of,of,acp-p
your,your,po
Artillery,artillery,n1
which,which,crq-r
you,you,pn
have,have,vvb
conned,con,vvn
by,by,acp-p
heart,heart,n1
A,a,d
role,role,n1
of,of,acp-p
captain's,captain,n1g
names,name,n2
perhaps,perhaps,av
you,you,pn
have,have,vvb
In,in,acp-p
ready,ready,j
wounds,wound,n2
some,some,d
twenty,twenty,crd
idle,idle,j
admit,admit,vvb
it,it,pn
And,and,cc
in,in,acp-p
diseases,disease,n2
can,can,vmb
assure,assure,vvi
her,she,pno
forty,forty,crd
This,this,d
won't,will,vmb-x
do,do,vvi
she,she,pns
cannot,can,vmb-x
eat,eat,vvi
a,a,d
Snapsack,snapsack,n1
Nor,nor,cc-x
carry,carry,vvi
baggage,baggage,n1
lie,lie,vvb
in,in,acp-p
your,your,po
foul,foul,j
Hut,hut,n1
And,and,cc
roast,roast,vvi
your,your,po
pullen,pullen,n1
for,for,acp-p
whose,who,crq-rg
precious,precious,j
theft,theft,n1
You,you,pn
and,and,cc
the,the,d
Gibbet,gibbet,n1
fear,fear,vvb
to,to,acp-cs
be,be,vvi
acquainted,acquaint,vvn
If,if,cs
you,you,pn
return,return,vvb
into,into,acp-p
your,your,po
wholesome,wholesome,j
Country,country,n1
Upon,upon,acp-p
your,your,po
honourable,honourable,j
wooden,wooden,j
legs,leg,n2
The,the,d
houses,house,n2
of,of,acp-p
correction,correction,n1
are,be,vvb
no,no,d-x
Palaces,palace,n2
And,and,cc
Passes,pass,n2
must,must,vmb
be,be,vvi
had,have,vvn
or,or,cc
else,else,av
the,the,d
Beadles,beadle,n2
Will,will,vmb
not,not,xx
be,be,vvi
satisfied,satisfy,vvn
the,the,d
treasurer's,treasurer,n1g
name,name,n1
And,and,cc
twelvepence,twelvepence,n2
for,for,acp-p
your,your,po
service,service,n1
i'th',in|the,acp-p|d
Low,low,j
countries,country,n2
And,and,cc
spending,spend,vvg
of,of,acp-p
your,your,po
blood,blood,n1
for,for,acp-p
doughty,doughty,j
Dutchmen,Dutchman,n2-nn
That,that,cs
would,will,vmd
have,have,vvi
hanged,hang,vvn
you,you,pn
there,there,av
but,but,acp-cc
in,in,acp-p
their,their,po
charity,charity,n1
You,you,pn
were,be,vvd
reserved,reserve,vvn
for,for,acp-p
beggary,beggary,n1
at,at,acp-p
home,home,n1
Is,be,vvz
no,no,d-x
inheritance,inheritance,n1
I,I,pns
take,take,vvb
it,it,pn
sir,sir,n1
So.,So.,n-ab
Have,have,vvb
you,you,pn
done,do,vvn
yet,yet,av
Co.,Co.,n-ab
I,I,pns
have,have,vvb
not,not,xx
much,much,av_d
more,more,av-c_d
to,to,acp-cs
say,say,vvi
So.,So.,n-ab
It,it,pn
does,do,vvz
appear,appear,vvi
by,by,acp-p
all,all,d
this,this,d
prattle,prattle,n1
then,then,av
You,you,pn
do,do,vvb
not,not,xx
know,know,vvi
me,i,pno
and,and,cc
have,have,vvb
ta'en,take,vvn
too,too,av
much,much,av_d
On,on,acp-p
trust,trust,n1
to,to,acp-cs
talk,talk,vvi
of,of,acp-p
Soldier,soldier,n1
a,a,d
name,name,n1
thou'st,thou|have,pns|vv2
not,not,xx
deserved,deserve,vvn
to,to,acp-cs
mention,mention,vvi
because,because,acp-cs
Some,some,d
fellows,fellow,n2
here,here,av
have,have,vvb
bragged,brag,vvn
and,and,cc
perhaps,perhaps,av
beaten,beat,vvn
You,you,pn
and,and,cc
some,some,d
other,other,pi_d
of,of,acp-p
your,your,po
satin,satin,n1
Tribe,tribe,n1
Into,into,acp-p
belief,belief,n1
that,that,cs
they,they,pns
have,have,vvb
seen,see,vvn
the,the,d
wars,war,n2
That,that,cs
perhaps,perhaps,av
mustered,muster,vvd
at,at,acp-p
Mile-end,Mile-end,n1-nn
Or,or,cc
Finsbury,Finsbury,n1-nn
Must,must,vmb
the,the,d
true,true,j
sons,son,n2
of,of,acp-p
courage,courage,n1
Be,be,vvb
thus,thus,av
dishonoured,dishonour,vvn
and,and,cc
their,their,po
character,character,n1
Defaced,deface,vvn
by,by,acp-p
such,such,d
prodigious,prodigious,j
breath,breath,n1
must,must,vmb
we,we,pns
We,we,pns
that,that,cs
for,for,acp-p
Honour,honour,n1
and,and,cc
your,your,po
safeties,safety,n2
suffer,suffer,vvi
What,what,crq-r
in,in,acp-p
the,the,d
repetition,repetition,n1
would,will,vmd
fright,fright,vvi
Your,your,po
pale,pale,j
souls,soul,n2
from,from,acp-p
you,you,pn
when,when,crq-cs
perhaps,perhaps,av
you,you,pn
foot,foot,vvb
A,a,d
jig,jig,n1
at,at,acp-p
home,home,n1
and,and,cc
revel,revel,vvi
with,with,acp-p
your,your,po
Lady,lady,n1
Be,be,vvb
thus,thus,av
rewarded,reward,vvn
Happy,happy,j
they,they,pns
that,that,cs
died,die,vvd
Their,their,po
Country,country,n1
sacrifice,sacrifice,n1
to,to,acp-cs
prevent,prevent,vvi
the,the,d
shame,shame,n1
Of,of,acp-p
living,live,vvg
with,with,acp-p
such,such,d
popular,popular,j
drones,drone,n2
but,but,acp-cc
I,I,pns
Should,shall,vmd
wrong,wrong,vvi
our,our,po
glorious,glorious,j
profession,profession,n1
By,by,acp-p
any,any,d
Arguments,argument,n2
to,to,acp-cs
make,make,vvi
thee,thou,pno
sensible,sensible,j
Of,of,acp-p
what,what,crq-r
we,we,pns
are,be,vvb
it,it,pn
shall,shall,vmb
suffice,suffice,vvi
to,to,acp-cs
publish,publish,vvi
What,what,crq-q
is,be,vvz
not,not,xx
now,now,av
in,in,acp-p
ignorant,ignorant,j
supposition,supposition,n1
But,but,acp-cc
truth,truth,n1
of,of,acp-p
your,your,po
gay,gay,j
quality,quality,n1
and,and,cc
virtues,virtue,n2
You,you,pn
are,be,vvb
a,a,d
Courtier,courtier,n1
Co.,Co.,n-ab
Very,very,av
good,good,j
So.,So.,n-ab
Not,not,xx
so,so,av
If,if,cs
such,such,d
there,there,av
be,be,vvi
I,I,pns
talk,talk,vvb
not,not,xx
to,to,acp-p
them,they,pno
now,now,av
But,but,acp-cc
to,to,acp-p
thee,thou,pno
Phantasm,phantasm,n1
of,of,acp-p
whom,who,crq-ro
men,man,n2
do,do,vvb
doubt,doubt,vvi
Whether,whether,cs
thou,thou,pns
hast,have,vv2
a,a,d
soul,soul,n1
thou,thou,pns
that,that,cs
dost,do,vv2
think,think,vvi
it,it,pn
The,the,d
better,better,j-c
and,and,cc
more,more,av-c_d
grateful,grateful,j
part,part,n1
of,of,acp-p
thy,thy,po
Religion,religion,n1
to,to,acp-p
we,we,pns
are,be,vvb
good,good,j
clothes,clothes,n2
and,and,cc
suffer,suffer,vvi
More,more,d-c
pains,pain,n2
at,at,acp-p
buttoning,button,n1_vg
of,of,acp-p
thy,thy,po
gawdy,gawdy,j
doublet,doublet,n1
Than,than,cs
thou,thou,pns
durst,dare,vv2
take,take,vvi
for,for,acp-p
heaven,heaven,n1
thou,thou,pns
hast,have,vv2
divided,divide,vvn
Thy,thy,po
flattery,flattery,n1
into,into,acp-p
several,several,j
articles,article,n2
And,and,cc
hast,have,vv2
so,so,av
often,often,av
called,call,vvn
your,your,po
great,great,j
men,man,n2
goods,good,n2_j
That,that,cs
'tis,it|be,pn|vvz
become,become,vvn
thy,thy,po
Creed,creed,n1
and,and,cc
thou,thou,pns
dost,do,vv2
now,now,av
Believe,believe,vvb
no,no,d-x
other,other,pi_d
thou,thou,pns
wilt,will,vm2
take,take,vvi
a,a,d
bribe,bribe,n1
To,to,acp-cs
undo,undo,vvi
a,a,d
Nation,nation,n1
and,and,cc
sell,sell,vvb
thy,thy,po
Countrymen,countryman,n2
To,to,acp-p
as,as,acp-av
many,many,d
persecutions,persecution,n2
as,as,acp-p
the,the,d
Devil,devil,n1
thou,thou,pns
art,be,vv2
beholding,behold,vvg
to,to,acp-p
thy,thy,po
pride,pride,n1
it,it,pn
has,have,vvz
Made,make,vvn
thee,thou,pno
thy,thy,po
own,own,d
self-love,self-love,n1
for,for,acp-cs
without,without,acp-p
it,it,pn
None,none,pi-x
else,else,av
affecting,affect,vvg
thee,thou,pno
I,I,pns
do,do,vvb
now,now,av
see,see,vvi
What,what,crq-q
else,else,av
could,can,vmd
keep,keep,vvi
thee,thou,pno
from,from,acp-p
despair,despair,n1
and,and,cc
drowning,drown,vvg
Thy,thy,po
wantonness,wantonness,n1
has,have,vvz
made,make,vvn
thy,thy,po
body,body,n1
poor,poor,j
But,but,acp-cc
not,not,xx
in,in,acp-p
show,show,n1
for,for,acp-cs
though,though,cs
thy,thy,po
back,back,n1
have,have,vvb
paid,pay,vvn
for't,for|it,acp-p|pn
It,it,pn
wears,wear,vvz
rich,rich,j
trappings,trappings,n2
Art,art,n1
may,may,vmb
help,help,vvi
your,your,po
legs,leg,n2
But,but,acp-cc
cannot,can,vmb-x
cure,cure,vvi
your,your,po
dancing,dance,n1_vg
that,that,cs
and,and,cc
pepper,pepper,n1
Avoid,avoid,vvb
with,with,acp-p
like,like,j
discretion,discretion,n1
one,one,pi
betrays,betray,vvz
you,you,pn
At,at,acp-p
dinner,dinner,n1
and,and,cc
the,the,d
other,other,pi_d
between,between,acp-p
meals,meal,n2
Go,go,vvb
purchase,purchase,vvi
lands,land,n2
and,and,cc
a,a,d
fair,fair,j
house,house,n1
which,which,crq-r
must,must,vmb
When,when,crq-cs
thou,thou,pns
livest,live,vv2
in,in,acp-p
it,it,pn
be,be,vvb
an,a,d
Hospital,hospital,n1
And,and,cc
owe,owe,vvb
no,no,d-x
other,other,d
body,body,n1
for,for,acp-p
diseases,disease,n2
Co.,Co.,n-ab
Pray,pray,uh_v
come,come,vvb
and,and,cc
take,take,vvb
a,a,d
chamber,chamber,n1
So.,So.,n-ab
Thou,thou,pns
hast,have,vv2
ignorance,ignorance,n1
And,and,cc
impudence,impudence,n1
enough,enough,av_d
for,for,acp-p
twenty,twenty,crd
Alchemists,alchemist,n2
Co.,Co.,n-ab
I'll,I|will,pns|vmb
hear,hear,vvi
no,no,av-x_d
more,more,av-c_d
So.,So.,n-ab
A,a,d
little,little,j
I'll,I|will,pns|vmb
entreat,entreat,vvi
you,you,pn
You,you,pn
shall,shall,vmb
be,be,vvi
beaten,beat,vvn
afterwards,afterward,av
never,never,av-x
fear,fear,vvb
it,it,pn
Co.,Co.,n-ab
Darest,dare,vv2
thou,thou,pns
blaspheme,blaspheme,vvi
the,the,d
Court,court,n1
So.,So.,n-ab
I,I,pns
honour,honour,vvb
it,it,pn
And,and,cc
all,all,d
the,the,d
Noble,noble,j
ornaments,ornament,n2
of,of,acp-p
State,state,n1
That,that,cs
like,like,acp-p
Pomegranates,pomegranate,n2
in,in,acp-p
old,old,j
Aaron's,Aaron,n1g-nn
coat,coat,n1
Adorn,adorn,vvb
the,the,d
Prince,prince,n1
that,that,cs
wears,wear,vvz
'em,they,pno
but,but,acp-cc
such,such,d
Courtiers,courtier,n2
That,that,cs
cozen,cozen,vvb
us,we,pno
like,like,acp-p
Glowworms,glow-worm,n2
in,in,acp-p
the,the,d
night,night,n1
Or,or,cc
rotten,rot,j_vn
wood,wood,n1
I,I,pns
hate,hate,vvb
and,and,cc
in,in,acp-p
their,their,po
number,number,n1
For,for,acp-p
this,this,d
time,time,n1
be,be,vvi
content,content,j
I,I,pns
list,list,vvb
your,your,po
worship,worship,n1
Co.,Co.,n-ab
How,how,crq-q
do,do,vvb
you,you,pn
know,know,vvb
what,what,crq-r
I,I,pns
am,be,vvm
or,or,cc
what,what,crq-r
title,title,n1
Perhaps,perhaps,av
I,I,pns
wear,wear,vvb
So.,So.,n-ab
I,I,pns
know,know,vvb
thee,thou,pno
by,by,acp-p
the,the,d
wrong,wrong,n1_j
To,to,acp-p
Soldiers,soldier,n2
Co.,Co.,n-ab
I,I,pns
speak,speak,vvb
of,of,acp-p
such,such,d
as,as,acp-cs
thou,thou,pns
wert,be,vvd2
and,and,cc
I,I,pns
dare,dare,vvb
Maintain,maintain,vvb
and,and,cc
write,write,vvi
as,as,acp-p
much,much,d
in,in,acp-p
thy,thy,po
own,own,d
blood,blood,n1
Enter,enter,vvb
Honesty,honesty,n1
Co.,Co.,n-ab
Dost,do,vv2
thou,thou,pns
not,not,xx
see,see,vvi
Honesty,honesty,n1
So.,So.,n-ab
Honesty,honesty,n1
what,what,crq-q
hast,have,vv2
thou,thou,pns
to,to,acp-cs
do,do,vvi
with,with,acp-p
Honesty,honesty,n1
Co.,Co.,n-ab
I,I,pns
never,never,av-x
could,can,vmd
endure,endure,vvi
her,she,pno
she,she,pns
appears,appear,vvz
More,more,av-c_d
terrible,terrible,j
than,than,cs
a,a,d
ghost,ghost,n1
I,I,pns
ha',have,vvb
no,no,d-x
stomach,stomach,n1
To,to,acp-cs
fight,fight,vvi
my,my,po
blood,blood,n1
is,be,vvz
frozen,freeze,vvn
in,in,acp-p
my,my,po
veins,vein,n2
She,she,pns
is,be,vvz
a,a,d
thousand,thousand,crd
punishments,punishment,n2
at,at,acp-p
once,once,acp-av
Now,now,av
would,will,vmd
I,I,pns
give,give,vvi
my,my,po
Office,office,n1
to,to,acp-cs
be,be,vvi
at,at,acp-p
peace,peace,n1
With,with,acp-p
mine,my,po
own,own,d
conscience,conscience,n1
ha,ha,uh
she,she,pns
does,do,vvz
pursue,pursue,vvi
me,i,pno
So.,So.,n-ab
These,these,d
are,be,vvb
idle,idle,j
imaginations,imagination,n2
collect,collect,vvb
yourself,yourself,px
good,good,j
Courtier,courtier,n1
and,and,cc
remember,remember,vvb
what,what,crq-r
we,we,pns
are,be,vvb
to,to,acp-cs
do,do,vvi
or,or,cc
I,I,pns
shall,shall,vmb
ha,ha,uh
Enter,enter,vvb
No-pay,no-pay,n1
Co.,Co.,n-ab
what's,what|be,crq-q|vvz
the,the,d
matter,matter,n1
more,more,d-c
terror,terror,n1
So.,So.,n-ab
I,I,pns
am,be,vvm
cold,cold,j
too,too,av
Co.,Co.,n-ab
Another,another,d
apparition,apparition,n1
So.,So.,n-ab
You,you,pn
may,may,vmb
know,know,vvi
him,he,pno
by,by,acp-p
a,a,d
jaw-fallen,jaw-fallen,j
'tis,it|be,pn|vvz
No-pay,no-pay,n1
And,and,cc
what,what,crq-q
a,a,d
comfort,comfort,n1
No-pay's,no-pay|be,n1|vvz
to,to,acp-p
a,a,d
Soldier,soldier,n1
I,I,pns
appeal,appeal,vvb
to,to,acp-p
a,a,d
Council,council,n1
of,of,acp-p
war,war,n1
the,the,d
Devil,devil,n1
is,be,vvz
not,not,xx
So,so,av
full,full,j
of,of,acp-p
horror,horror,n1
No-pay,no-pay,n1
I'll,I|will,pns|vmb
not,not,xx
fight,fight,vvi
A,a,d
stroke,stroke,n1
though,though,cs
I,I,pns
were,be,vvd
sure,sure,j
to,to,acp-cs
clear,clear,vvi
the,the,d
Empire,empire,n1
Exeunt,exeunt,fw-la
Enter,enter,vvb
Citizen,citizen,n1
and,and,cc
Countryman,countryman,n1
armed,arm,vvn
Get.,Get.,n-ab
Our,our,po
weapon's,weapon,n1g
length,length,n1
are,be,vvb
even,even,av
but,but,acp-cc
you'll,you|will,pn|vmb
find,find,vvi
There,there,av
is,be,vvz
such,such,d
odds,odds,n2
betwixt,betwixt,acp-p
us,we,pno
naught,nought,pi-x
but,but,acp-p
death,death,n1
Can,can,vmb
reconcile,reconcile,vvi
our,our,po
difference,difference,n1
Clod.,Clod.,n-ab
Deny,deny,vvb
your,your,po
major,major,j
I,I,pns
think,think,vvb
I,I,pns
heard,hear,vvd
a,a,d
Scholar,scholar,n1
use,use,vvb
that,that,d
word,word,n1
against,against,acp-p
Bellarmine,Bellarmine,n1-nn
ay,ay,uh
I'll,I|will,pns|vmb
stand,stand,vvi
to't,to|it,acp-p|pn
for,for,acp-cs
if,if,cs
naught,nought,pi-x
but,but,acp-p
death,death,n1
can,can,vmb
reconcile,reconcile,vvi
our,our,po
difference,difference,n1
we,we,pns
must,must,vmb
be,be,vvi
both,both,av_d
killed,kill,vvn
no,no,uh-x
prepare,prepare,vvb
thyself,thyself,px
I,I,pns
hope,hope,vvb
to,to,acp-cs
send,send,vvi
thee,thou,pno
to,to,acp-p
heaven,heaven,n1
and,and,cc
be,be,vvi
far,far,av_j
enough,enough,av_d
off,off,acp-av
ere,ere,acp-p
Sunset,sunset,n1
if,if,cs
thou,thou,pns
hast,have,vv2
made,make,vvn
thy,thy,po
Will,will,n1
let,let,vvb
them,they,pno
prove,prove,vvi
it,it,pn
when,when,crq-cs
thou,thou,pns
art,be,vv2
dead,dead,j
and,and,cc
bury,bury,vvb
thee,thou,pno
accordingly,accord,av_vg
thy,thy,po
wife,wife,n1
will,will,vmb
have,have,vvi
cause,cause,n1
to,to,acp-cs
thank,thank,vvi
me,i,pno
it,it,pn
will,will,vmb
be,be,vvi
a,a,d
good,good,j
hearing,hear,n1_vg
to,to,acp-p
the,the,d
poor,poor,j
of,of,acp-p
the,the,d
Parish,parish,n1
happy,happy,j
man,man,n1
by,by,acp-p
his,his,po
dole,dole,n1
besides,beside,acp-av
the,the,d
blue-coats,blue-coat,n2
can,can,vmb
but,but,acp-av
comfort,comfort,vvi
thy,thy,po
kindred,kindred,n1
with,with,acp-p
singing,sing,vvg
and,and,cc
rejoicing,rejoice,vvg
at,at,acp-p
thy,thy,po
Funeral,funeral,n1
Come,Come,vvb
on,on,acp-p
thy,thy,po
ways,way,n2
Get.,Get.,n-ab
You're,you|be,pn|vvb
very,very,av
round,round,av_j
Clod,clod,n1
I,I,pns
do,do,vvb
not,not,xx
think,think,vvi
you,you,pn
have,have,vvb
practised,practise,vvn
Fencing,fence,vvg
of,of,acp-p
late,late,j
this,this,d
is,be,vvz
a,a,d
weapon,weapon,n1
you,you,pn
are,be,vvb
not,not,xx
used,use,vvn
to,to,acp-p
a,a,d
Pitchfork,pitchfork,n1
were,be,vvd
more,more,av-c_d
convenient,convenient,j
for,for,acp-p
you,you,pn
to,to,acp-cs
manage,manage,vvi
Clo.,Clo.,n-ab
A,a,d
Pitchfork,pitchfork,n1
Thou,thou,pns
shalt,shall,vm2
know,know,vvi
thy,thy,po
destiny,destiny,n1
by,by,acp-p
this,this,d
though,though,cs
it,it,pn
have,have,vvb
but,but,acp-av
one,one,crd
point,point,n1
I,I,pns
know,know,vvb
where,where,crq-cs
thy,thy,po
heart,heart,n1
lies,lie,vvz
I,I,pns
desire,desire,vvb
no,no,av-x_d
more,more,av-c_d
and,and,cc
less,less,d-c
would,will,vmd
satisfy,satisfy,vvi
me,i,pno
unless,unless,cs
thou,thou,pns
wilt,will,vm2
eat,eat,vvi
thy,thy,po
words,word,n2
and,and,cc
confess,confess,vvb
thou,thou,pns
hast,have,vv2
wronged,wrong,vvn
me,i,pno
out,out,av
it,it,pn
shall,shall,vmb
I,I,pns
have,have,vvb
a,a,d
stomach,stomach,n1
to,to,acp-cs
cut,cut,vvi
thee,thou,pno
up,up,acp-av
and,and,cc
my,my,po
sword,sword,n1
has,have,vvz
a,a,d
pretty,pretty,j
edge,edge,n1
of,of,acp-p
itself,itself,px
and,and,cc
my,my,po
greatest,great,j-s
grief,grief,n1
is,be,vvz
that,that,cs
I,I,pns
owe,owe,vvb
thee,thou,pno
nothing,nothing,pi-x
to,to,acp-cs
discharge,discharge,vvi
all,all,d
together,together,av
but,but,acp-cc
'tis,it|be,pn|vvz
no,no,d-x
matter,matter,n1
I,I,pns
can,can,vmb
but,but,acp-av
kill,kill,vvi
thee,thou,pno
Get.,Get.,n-ab
You,you,pn
cannot,can,vmb-x
sure,sure,av_j
for,for,acp-cs
aught,aught,vmd
I,I,pns
see,see,vvi
in,in,acp-p
your,your,po
countenance,countenance,n1
you,you,pn
are,be,vvb
not,not,xx
long-lived,long-lived,j
yourself,yourself,px
you,you,pn
have,have,vvb
but,but,acp-av
a,a,d
tallow,tallow,n1
complexion,complexion,n1
do,do,vvb
you,you,pn
know,know,vvb
what,what,crq-r
ground,ground,n1
you,you,pn
stand,stand,vvb
upon,upon,acp-p
Clod,clod,n1
Col.,Col.,n-ab
Ground,ground,n1
Get.,Get.,n-ab
You,you,pn
may,may,vmb
tread,tread,vvi
upon,upon,acp-p
your,your,po
grave,grave,n1
now,now,av
for,for,acp-cs
all,all,d
this,this,d
blustering,bluster,j_vg
Clod.,Clod.,n-ab
Thou,thou,pns
liest,lie,vv2
there's,there|be,av|vvz
more,more,d-c
to,to,acp-cs
provoke,provoke,vvi
thee,thou,pno
no,no,uh-x
I,I,pns
came,come,vvd
not,not,xx
hither,hither,av
to,to,acp-cs
die,die,vvi
and,and,cc
I,I,pns
won't,will,vmb-x
be,be,vvi
buried,bury,vvn
at,at,acp-p
any,any,d
man's,man,n1g
discretion,discretion,n1
my,my,po
father,father,n1
was,be,vvd
buried,bury,vvn
i'the,in|the,acp-p|d
Country,country,n1
and,and,cc
my,my,po
grandfather,grandfather,n1
and,and,cc
his,his,po
father,father,n1
before,before,acp-p
him,he,pno
and,and,cc
if,if,cs
I,I,pns
live,live,vvb
I'll,I|will,pns|vmb
be,be,vvi
buried,bury,vvn
there,there,av
myself,myself,px
but,but,acp-cc
what,what,crq-q
do,do,vvb
we,we,pns
lose,lose,vvb
time,time,n1
look,look,vvb
to,to,acp-p
thy,thy,po
head,head,n1
for,for,acp-cs
I,I,pns
will,will,vmb
make,make,vvi
an,a,d
even,even,j
reckoning,reckon,n1_vg
with,with,acp-p
thy,thy,po
shoulders,shoulder,n2
presently,present,av_j
Enter,enter,vvb
Foul-Weather-in-Harvest,Foul-Weather-in-Harvest,n1
Ha,ha,uh
hold,hold,vvb
alas,alas,uh
I,I,pns
won't,will,vmb-x
fight,fight,vvi
I,I,pns
ha',have,vvb
no,no,d-x
heart,heart,n1
to,to,acp-cs
lift,lift,vvi
up,up,acp-av
a,a,d
weapon,weapon,n1
Ge.,Ge.,n-ab
You,you,pn
were,be,vvd
fire,fire,n1
and,and,cc
tow,tow,n1
but,but,acp-p
e'en,even,av
now,now,av
Clo.,Clo.,n-ab
But,but,acp-cc
here's,here|be,av|vvz
water,water,n1
Dost,do,vv2
not,not,xx
see,see,vvi
I,I,pns
shall,shall,vmb
be,be,vvi
undone,undo,vvn
Get.,Get.,n-ab
Who,who,crq-q
is,be,vvz
this,this,d
Clo.,Clo.,n-ab
Why,why,crq-q
'tis,it|be,pn|vvz
foul-weather-in-harvest,foul-weather-in-harvest,n1
all,all,d
spoiled,spoil,vvn
I,I,pns
won't,will,vmb-x
have,have,vvb
thy,thy,po
heart,heart,n1
now,now,av
and,and,cc
thou,thou,pns
wouldst,will,vmd2
gi't,give|it,vvb|pn
me,I,pno
Get.,Get.,n-ab
'Tis,it|be,pn|vvz
well,well,av
something,something,pi
will,will,vmb
cool,cool,vvi
you,you,pn
after,after,acp-cs
so,so,av
much,much,d
thunder,thunder,n1
but,but,acp-cc
it,it,pn
won't,will,vmb-x
quench,quench,vvi
the,the,d
fire,fire,n1
of,of,acp-p
my,my,po
anger,anger,n1
I,I,pns
do,do,vvb
not,not,xx
use,use,vvi
to,to,acp-cs
put,put,vvi
up,up,acp-av
these,these,d
things,thing,n2
when,when,crq-cs
I,I,pns
am,be,vvm
drawn,draw,vvn
to't,to|it,acp-p|pn
your,your,po
Foul,foul,j
weather,weather,n1
is,be,vvz
nothing,nothing,pi-x
to,to,acp-p
the,the,d
business,business,n1
in,in,acp-p
hand,hand,n1
therefore,therefore,av
submit,submit,vvb
thy,thy,po
neck,neck,n1
to,to,acp-p
my,my,po
execution,execution,n1
or,or,cc
Clo.,Clo.,n-ab
Kill,kill,vvb
me,i,pno
I'll,I|will,pns|vmb
forgive,forgive,vvb
thee,thou,pno
I,I,pns
shall,shall,vmb
have,have,vvi
no,no,d-x
Harvest,harvest,n1
to,to,acp-p
year,year,n1
Enter,enter,vvb
Long-Vacation,long-vacation,n1
Get.,Get.,n-ab
And,and,cc
thou,thou,pns
hadst,have,vvd2
as,as,acp-cs
many,many,d
heads,head,n2
as,as,acp-cs
Hydra,Hydra,n1-nn
Ha,ha,uh
I'll,I|will,pns|vmb
not,not,xx
hurt,hurt,vvi
a,a,d
Hare,hare,n1
I,I,pns
am,be,vvm
frighted,fright,vvn
this,this,d
is,be,vvz
my,my,po
heart,heart,n1
you,you,pn
had,have,vvd
not,not,xx
so,so,av
wet,wet,j
but,but,acp-cc
we,we,pns
are,be,vvb
like,like,j
to,to,acp-cs
have,have,vvi
as,as,acp-p
dry,dry,j
a,a,d
time,time,n1
on't,on|it,acp-p|pn
I,I,pns
stood,stand,vvd
upon,upon,acp-p
terms,term,n2
before,before,acp-av
this,this,d
is,be,vvz
Long-Vacation,long-vacation,n1
Clo.,Clo.,n-ab
Long-Vacation,long-vacation,n1
Get.,Get.,n-ab
I,I,pns
dreamed,dream,vvd
of,of,acp-p
a,a,d
dry,dry,j
Summer,summer,n1
he,he,pns
will,will,vmb
consume,consume,vvi
me,i,pno
it,it,pn
will,will,vmb
be,be,vvi
a,a,d
thousand,thousand,crd
years,year,n2
till,till,acp-p
Michaelmas,Michaelmas,n1-nn
Prithee,prithee,uh
let's,let|we,vvb|pno
be,be,vvi
friends,friend,n2
for,for,acp-p
my,my,po
part,part,n1
I,I,pns
have,have,vvb
no,no,d-x
hope,hope,n1
of,of,acp-p
Riches,riches,n2
Clo.,Clo.,n-ab
And,and,cc
I,I,pns
but,but,acp-av
little,little,j
and,and,cc
this,this,d
weather,weather,n1
hold,hold,vvi
Enter,enter,vvb
Riches,riches,n2
Here,here,av
she,she,pns
comes,come,vvz
Ric.,Ric.,n-ab
Where,where,crq-q
be,be,vvb
these,these,d
friends,friend,n2
of,of,acp-p
mine,i,png
Alas,Alas,uh
what,what,crq-q
Mean,mean,vvb
you,you,pn
I,I,pns
am,be,vvm
faint,faint,j
with,with,acp-p
seeking,seek,vvg
you,you,pn
to,to,acp-cs
stay,stay,vvi
your,your,po
fury,fury,n1
For,for,acp-cs
I,I,pns
was,be,vvd
told,tell,vvn
your,your,po
bloody,bloody,j
resolutions,resolution,n2
You,you,pn
should,shall,vmd
be,be,vvi
a,a,d
man,man,n1
of,of,acp-p
government,government,n1
are,be,vvb
these,these,d
The,the,d
ensigns,ensign,n2
of,of,acp-p
the,the,d
City,city,n1
will,will,vmb
you,you,pn
give,give,vvi
Without,without,acp-p
the,the,d
Herald,herald,n1
in,in,acp-p
your,your,po
Arms,arm,n2
a,a,d
Sword,sword,n1
To,to,acp-p
the,the,d
old,old,j
City,city,n1
Dagger,dagger,n1
you,you,pn
wear,wear,vvb
a,a,d
Gown,gown,n1
Emblem,emblem,n1
of,of,acp-p
peace,peace,n1
will,will,vmb
you,you,pn
defile,defile,vvi
your,your,po
gravity,gravity,n1
With,with,acp-p
Basket-hilt,basket-hilt,n1
and,and,cc
bilbo,bilbo,n1
And,and,cc
you,you,pn
bold,bold,j
Yeoman,yeoman,n1
That,that,cs
like,like,acp-p
a,a,d
Rick,Rick,n1
of,of,acp-p
hay,hay,n1
hath,have,vvz
stood,stand,vvn
the,the,d
shock,shock,n1
Of,of,acp-p
Winter,winter,n1
and,and,cc
grew,grow,vvd
white,white,j
with,with,acp-p
snow,snow,n1
of,of,acp-p
age,age,n1
Is,be,vvz
this,this,d
an,a,d
instrument,instrument,n1
for,for,acp-p
you,you,pn
But,but,acp-cc
I,I,pns
am,be,vvm
confident,confident,j
that,that,cs
you,you,pn
will,will,vmb
say,say,vvi
'tis,it|be,pn|vvz
love,love,n1
Of,of,acp-p
me,i,pno
hath,have,vvz
brought,bring,vvn
you,you,pn
to,to,acp-p
the,the,d
field,field,n1
and,and,cc
therefore,therefore,av
To,to,acp-cs
prevent,prevent,vvi
future,future,j
mischief,mischief,n1
I,I,pns
determine,determine,vvb
Here,here,av
to,to,acp-cs
declare,declare,vvi
myself,myself,px
but,but,acp-cc
first,first,ord
conjoin,conjoin,vvb
Your,your,po
loving,love,j_vg
hands,hand,n2
and,and,cc
vow,vow,vvb
a,a,d
constant,constant,j
friendship,friendship,n1
Than,than,cs
one,one,crd
of,of,acp-p
you,you,pn
I'll,I|will,pns|vmb
choose,choose,vvi
my,my,po
husband,husband,n1
Get.,Get.,n-ab
By,by,acp-p
our,our,po
seven,seven,crd
gates,gate,n2
that,that,cs
do,do,vvb
let,let,vvi
in,in,acp-p
Every,every,d
day,day,n1
no,no,d-x
little,little,j
sin,sin,n1
By,by,acp-p
the,the,d
sword,sword,n1
which,which,crq-r
we,we,pns
advance,advance,vvi
And,and,cc
the,the,d
Cap,cap,n1
of,of,acp-p
Maintenance,maintenance,n1
By,by,acp-p
the,the,d
shrieve's,shrieve,n1g
post,post,n1
and,and,cc
the,the,d
hall,hall,n1
yclept,clepe,vvn
Guild,guild,n1
and,and,cc
London,London,n1-nn
wall,wall,n1
By,by,acp-p
our,our,po
Royal,royal,j
Change,change,n1
which,which,crq-r
yields,yield,vvz
Gentile,Gentile,j
ware,ware,n1
and,and,cc
by,by,acp-p
Morefields,Morefields,n1-nn
By,by,acp-p
our,our,po
thrice,thrice,av
burned,burn,vvd
famous,famous,j
Steeple,steeple,n1
That,that,cs
doth,do,vvz
overlook,overlook,vvi
the,the,d
people,people,n1
Cheapside,Cheapside,n1-nn
Cross,cross,n1
and,and,cc
loud,loud,j
Bow-bell,bow-bell,n1
And,and,cc
by,by,acp-p
all,all,d
that,that,cs
wish,wish,vvb
it,it,pn
well,well,av
I,I,pns
am,be,vvm
friends,friend,n2
with,with,acp-p
him,he,pno
till,till,acp-cs
he,he,pns
dies,die,vvz
And,and,cc
love,love,vvb
him,he,pno
like,like,acp-p
my,my,po
liberties,liberty,n2
So,so,av
help,help,vvb
me,i,pno
Riches,riches,n2
what,what,crq-r
I,I,pns
speak,speak,vvb
The,the,d
Citizen,citizen,n1
will,will,vmb
never,never,av-x
break,break,vvi
Ric.,Ric.,n-ab
What,what,crq-q
say,say,vvb
you,you,pn
Clo.,Clo.,n-ab
By,by,acp-p
my,my,po
Cart,cart,n1
and,and,cc
by,by,acp-p
my,my,po
Plough,plough,n1
My,my,po
dun,dun,j
Mare,mare,n1
and,and,cc
best,best,j-s
red,red,j
Cow,cow,n1
By,by,acp-p
my,my,po
barn,barn,n1
and,and,cc
fattest,fat,j-s
wether,wether,n1
My,my,po
grounds,ground,n2
and,and,cc
all,all,d
my,my,po
state,state,n1
together,together,av
In,in,acp-p
thy,thy,po
love,love,n1
I,I,pns
overtake,overtake,vvb
thee,thou,pno
Else,else,av
my,my,po
whistling,whistle,n1_vg
quite,quite,av
forsake,forsake,vvi
me,i,pno
And,and,cc
let,let,vvb
me,i,pno
ever,ever,av
lie,lie,vvi
which,which,crq-r
worse,worse,av-c_j
is,be,vvz
At,at,acp-p
rack,rack,n1
and,and,cc
manger,manger,n1
with,with,acp-p
the,the,d
horses,horse,n2
Ric.,Ric.,n-ab
Then,then,av
Master,master,n1
Clod,clod,n1
Clo.,Clo.,n-ab
Ha,ha,uh
ha,ha,uh
with,with,acp-p
all,all,d
my,my,po
heart,heart,n1
am,be,vvm
I,I,pns
the,the,d
man,man,n1
Ric.,Ric.,n-ab
The,the,d
man,man,n1
I,I,pns
must,must,vmb
entreat,entreat,vvi
to,to,acp-cs
have,have,vvi
some,some,d
patience,patience,n1
I,I,pns
do,do,vvb
imagine,imagine,vvi
you,you,pn
affect,affect,vvb
me,i,pno
dear,dear,av_j
And,and,cc
would,will,vmd
make,make,vvi
much,much,d
of,of,acp-p
Riches,riches,n2
Clo.,Clo.,n-ab
there's,there|be,av|vvz
no,no,d-x
Lady,lady,n1
That,that,cs
shall,shall,vmb
outshine,outshine,vvi
my,my,po
Darling,darling,n1
'tis,it|be,pn|vvz
no,no,d-x
matter,matter,n1
though,though,cs
I,I,pns
be,be,vvb
in,in,acp-p
Russet,russet,j
all,all,d
the,the,d
week,week,n1
Riches,riches,n2
shall,shall,vmb
live,live,vvi
like,like,acp-p
a,a,d
Lady,lady,n1
have,have,vvb
perfumed,perfume,vvn
linen,linen,n1
costly,costly,j
Gowns,gown,n2
and,and,cc
Petticoats,petticoat,n2
worth,worth,j
taking,take,vvg
up,up,acp-av
and,and,cc
as,as,acp-p
the,the,d
fashion,fashion,n1
is,be,vvz
I,I,pns
will,will,vmb
put,put,vvi
thee,thou,pno
into,into,acp-p
a,a,d
bag,bag,n1
Ric.,Ric.,n-ab
This,this,d
won't,will,vmb-x
sir,sir,n1
agree,agree,vvb
with,with,acp-p
your,your,po
condition,condition,n1
To,to,acp-cs
keep,keep,vvi
me,i,pno
brave,brave,j
the,the,d
Country,country,n1
Cut,cut,vvn
must,must,vmb
be,be,vvi
Observed,observe,vvn
Clo.,Clo.,n-ab
Hang,hang,vvb
Country,country,n1
Cuts,cut,vvz
Do,do,vvb
but,but,acp-av
marry,marry,vvi
me,i,pno
Ric.,Ric.,n-ab
But,but,acp-cc
this,this,d
is,be,vvz
not,not,xx
my,my,po
exception,exception,n1
there,there,av
is,be,vvz
more,more,d-c
That,that,cs
interdicts,interdict,vvz
our,our,po
marriage,marriage,n1
for,for,acp-cs
though,though,cs
you,you,pn
Are,be,vvb
willing,willing,j
to,to,acp-cs
conceal,conceal,vvi
it,it,pn
Master,master,n1
Clod,clod,n1
Yet,yet,av
you,you,pn
and,and,cc
I,I,pns
are,be,vvb
kindred,kindred,n1
at,at,acp-p
least,least,d-s
cousins,cousin,n2
Clo.,Clo.,n-ab
Why,why,crq-q
is,be,vvz
not,not,xx
your,your,po
name,name,n1
Riches,riches,n2
Ric.,Ric.,n-ab
Though,though,cs
my,my,po
name,name,n1
Be,be,vvb
Riches,riches,n2
yet,yet,av
my,my,po
mother,mother,n1
was,be,vvd
a,a,d
Clod,clod,n1
She,she,pns
married,marry,vvd
rich,rich,j
earth,earth,n1
of,of,acp-p
America,America,n1-nn
Where,where,crq-cs
I,I,pns
was,be,vvd
born,bear,vvn
a,a,d
dirty,dirty,j
family,family,n1
But,but,acp-cc
many,many,d
matches,match,n2
have,have,vvb
refined,refine,vvn
us,we,pno
now,now,av
And,and,cc
we,we,pns
are,be,vvb
called,call,vvn
Riches,riches,n2
Clo.,Clo.,n-ab
If,if,cs
you,you,pn
were,be,vvd
born,bear,vvn
in,in,acp-p
America,America,n1-nn
we,we,pns
are,be,vvb
but,but,acp-av
kindred,kindred,n1
afar,afar,av
off,off,acp-av
Ric.,Ric.,n-ab
Let,let,vvb
us,we,pno
not,not,xx
confound,confound,vvi
our,our,po
Genealogies,genealogy,n2
Clo.,Clo.,n-ab
I,I,pns
would,will,vmd
be,be,vvi
loath,loath,j
to,to,acp-cs
marry,marry,vvi
an,a,d
Infidel,infidel,n1
born,bear,vvn
and,and,cc
yet,yet,av
I,I,pns
like,like,vvb
your,your,po
complexion,complexion,n1
so,so,av
well,well,av
that,that,cs
Ric.,Ric.,n-ab
No,no,uh-x
I,I,pns
am,be,vvm
reserved,reserve,vvn
for,for,acp-p
thee,thou,pno
And,and,cc
here,here,av
I,I,pns
plant,plant,vvb
my,my,po
best,best,j-s
affection,affection,n1
Get.,Get.,n-ab
Welcome,welcome,uh_j
to,to,acp-p
my,my,po
heart,heart,n1
How,how,crq-cs
I,I,pns
do,do,vvb
love,love,vvi
thee,thou,pno
Riches,riches,n2
O,o,uh
my,my,po
soul,soul,n1
We'll,we|will,pns|vmb
marry,marry,vvi
straight,straight,av_j
Ric.,Ric.,n-ab
And,and,cc
thus,thus,av
much,much,av_d
for,for,acp-p
your,your,po
comfort,comfort,n1
Nay,nay,uh-x
droop,droop,vvb
not,not,xx
Clod,clod,n1
though,though,cs
I,I,pns
be,be,vvb
wife,wife,n1
to,to,acp-p
him,he,pno
Yet,yet,av
if,if,cs
I,I,pns
bury,bury,vvb
Gettings,Gettings,n1-nn
I'll,I|will,pns|vmb
be,be,vvi
thine,thou,png
And,and,cc
carry,carry,vvi
London,London,n1-nn
with,with,acp-p
us,we,pno
into,into,acp-p
th',the,d
Country,country,n1
Clo.,Clo.,n-ab
After,after,acp-p
this,this,d
rate,rate,n1
you,you,pn
are,be,vvb
my,my,po
wife,wife,n1
in,in,acp-p
Law,law,n1
Well,well,uh_mi
give,give,vvb
you,you,pn
joy,joy,n1
Get.,Get.,n-ab
methinks,methinks,vvb
I,I,pns
fumble,fumble,vvb
my,my,po
gold,gold,n1
chain,chain,n1
already,already,av
But,but,acp-cc
who,who,crq-r
are,be,vvb
these,these,d
Enter,enter,vvb
Courtier,courtier,n1
and,and,cc
Soldier,soldier,n1
Co.,Co.,n-ab
No,no,d-x
Honour,honour,n1
to,to,acp-cs
be,be,vvi
found,find,vvn
So.,So.,n-ab
Let,let,vvb
us,we,pno
inquire,inquire,vvi
Of,of,acp-p
these,these,d
Did,do,vvd
any,any,d
see,see,vvi
the,the,d
Lady,lady,n1
Honour,honour,n1
Get.,Get.,n-ab
What,what,crq-q
care,care,vvb
we,we,pns
for,for,acp-p
Honour,honour,n1
so,so,av
we,we,pns
have,have,vvb
Riches,riches,n2
Co.,Co.,n-ab
Ha,ha,uh
I,I,pns
have,have,vvb
been,be,vvn
acquainted,acquaint,vvn
with,with,acp-p
this,this,d
Lady,lady,n1
Ric.,Ric.,n-ab
I,I,pns
was,be,vvd
at,at,acp-p
Court,court,n1
the,the,d
last,last,ord
week,week,n1
sir,sir,n1
Cour.,Cour.,n-ab
I,I,pns
remember,remember,vvb
Sol.,Sol.,n-ab
I,I,pns
ha',have,vvb
seen,see,vvn
her,she,pno
somewhere,somewhere,av
too,too,av
Ric.,Ric.,n-ab
I,I,pns
ha',have,vvb
been,be,vvn
a,a,d
Traveller,traveller,n1
So.,So.,n-ab
Were,be,vvd
you,you,pn
never,never,av-x
taken,take,vvn
by,by,acp-p
the,the,d
Hollander,Hollander,n1-nn
Ric.,Ric.,n-ab
I,I,pns
was,be,vvd
in,in,acp-p
the,the,d
Plate-fleet,plate-fleet,n1
So.,So.,n-ab
Baser,base,j-c
los,los,fw-es
manos,manos,fw-es
Signiora,signiora,fw-it
Ric.,Ric.,n-ab
I,I,pns
have,have,vvb
almost,almost,av
forgot,forget,vvn
my,my,po
Spanish,spanish,j-nn
but,but,acp-cc
after,after,acp-p
a,a,d
little,little,j
practice,practice,n1
I,I,pns
may,may,vmb
recover,recover,vvi
it,it,pn
Clo.,Clo.,n-ab
I,I,pns
know,know,vvb
not,not,xx
Honour,honour,vvi
if,if,cs
I,I,pns
see,see,vvb
her,she,pno
I,I,pns
have,have,vvb
heard,hear,vvn
of,of,acp-p
such,such,d
a,a,d
Lady,lady,n1
ten,ten,crd
to,to,acp-p
one,one,crd
but,but,acp-cc
Riches,riches,n2
can,can,vmb
direct,direct,vvi
you,you,pn
to,to,acp-p
her,she,pno
Ric.,Ric.,n-ab
I,I,pns
apprehend,apprehend,vvb
your,your,po
desires,desire,n2
sir,sir,n1
and,and,cc
will,will,vmb
direct,direct,vvi
you,you,pn
Co.,Co.,n-ab
I,I,pns
am,be,vvm
your,your,po
servant,servant,n1
Lady,lady,n1
Ri.,Ri.,n-ab
But,but,acp-cc
first,first,ord
Mr.,mr.,n-ab
Gettings,Gettings,n1-nn
know,know,vvb
these,these,d
Gentlemen,gentleman,n2
Ge.,Ge.,n-ab
They,they,pns
are,be,vvb
in,in,acp-p
my,my,po
books,book,n2
already,already,av
pray,pray,vvb
Gentlemen,gentleman,n2
Know,know,vvb
my,my,po
Commodities,commodity,n2
when,when,crq-cs
I,I,pns
ha',have,vvb
married,marry,vvn
Riches,riches,n2
I,I,pns
shall,shall,vmb
be,be,vvi
better,better,j-c
able,able,j
to,to,acp-cs
furnish,furnish,vvi
you,you,pn
Co.,Co.,n-ab
We,we,pns
wish,wish,vvb
you,you,pn
joy,joy,n1
So.,So.,n-ab
And,and,cc
shall,shall,vmb
remain,remain,vvi
your,your,po
debtors,debtor,n2
Get.,Get.,n-ab
I,I,pns
make,make,vvb
no,no,d-x
doubt,doubt,n1
Co.,Co.,n-ab
But,but,acp-cc
here's,here|be,av|vvz
the,the,d
Lady,lady,n1
whom,who,crq-ro
we,we,pns
inquire,inquire,vvi
for,for,acp-p
So.,So.,n-ab
She,she,pns
has,have,vvz
music,music,n1
to,to,acp-cs
attend,attend,vvi
her,she,pno
Music,music,n1
Enter,enter,vvb
Honour,honour,n1
and,and,cc
Ingenuity,ingenuity,n1
Ha!,ha,uh
the,the,d
Scholar,scholar,n1
The,the,d
case,case,n1
is,be,vvz
altered,alter,vvn
Is,be,vvz
not,not,xx
that,that,d
Ingenuity,ingenuity,n1
Co.,Co.,n-ab
How,how,crq-q
familiar,familiar,j
they,they,pns
are,be,vvb
I,I,pns
hope,hope,vvb
they're,they|be,pns|vvb
not,not,xx
married,marry,vvn
Cl.,Cl.,n-ab
Is,be,vvz
this,this,d
Madam,madam,n1
Honour,honour,n1
Co.,Co.,n-ab
So,So,av
Lady,lady,n1
Ho.,Ho.,n-ab
Gentlemen,gentleman,n2
I,I,pns
come,come,vvb
to,to,acp-cs
reconcile,reconcile,vvi
your,your,po
difference,difference,n1
I,I,pns
did,do,vvd
foresee,foresee,vvi
you,you,pn
desperate,desperate,j
in,in,acp-p
love,love,n1
And,and,cc
prompted,prompt,vvn
I,I,pns
confess,confess,vvb
your,your,po
swelling,swell,j_vg
valours,valour,n2
To,to,acp-cs
fight,fight,vvi
for,for,acp-p
me,i,pno
but,but,acp-cc
upon,upon,acp-p
second,second,ord
thoughts,thought,n2
I,I,pns
cancelled,cancel,vvd
that,that,d
opinion,opinion,n1
and,and,cc
devised,devise,vvd
A,a,d
way,way,n1
to,to,acp-cs
settle,settle,vvi
all,all,d
things,thing,n2
without,without,acp-p
danger,danger,n1
This,this,d
Gentleman,gentleman,n1
late,late,av_j
my,my,po
servant,servant,n1
Ingenuity,ingenuity,n1
Hath,have,vvz
removed,remove,vvn
all,all,d
occasion,occasion,n1
of,of,acp-p
your,your,po
further,further,j-c
Courtship,courtship,n1
and,and,cc
now,now,av
won,win,vvd
me,i,pno
for,for,acp-p
his,his,po
Bride,bride,n1
Co.,Co.,n-ab
Married,marry,j_vn
the,the,d
Scholar,scholar,n1
despised,despise,vvn
So.,So.,n-ab
Affronted,affront,vvn
Ho.,Ho.,n-ab
You,you,pn
are,be,vvb
passionate,passionate,j
You,you,pn
could,can,vmd
not,not,xx
both,both,d
possess,possess,vvi
me,i,pno
yet,yet,av
in,in,acp-p
him,he,pno
Your,your,po
excellencies,excellency,n2
meet,meet,vvi
and,and,cc
I,I,pns
enjoy,enjoy,vvb
'em,they,pno
He,he,pns
can,can,vmb
be,be,vvi
Courtier,courtier,n1
and,and,cc
a,a,d
Soldier,soldier,n1
When,when,crq-cs
the,the,d
occasion,occasion,n1
presents,present,vvz
itself,itself,px
He,he,pns
that,that,cs
hath,have,vvz
learned,learn,vvn
to,to,acp-cs
obey,obey,vvi
well,well,av
can,can,vmb
command,command,vvi
Nay,nay,uh-x
be,be,vvb
not,not,xx
sad,sad,j
if,if,cs
you,you,pn
loved,love,vvd
me,i,pno
express,express,vvb
it,it,pn
In,in,acp-p
your,your,po
Congratulations,congratulation,n2
Here,here,av
I,I,pns
fix,fix,vvi
myself,myself,px
and,and,cc
vow,vow,vvb
my,my,po
best,best,j-s
affection,affection,n1
If,if,cs
in,in,acp-p
the,the,d
number,number,n1
of,of,acp-p
my,my,po
friends,friend,n2
I,I,pns
may,may,vmb
Write,write,vvi
you,you,pn
be,be,vvb
confident,confident,j
you,you,pn
sha'not,shall,vmb-x
lose,lose,vvi
By,by,acp-p
your,your,po
respect,respect,n1
to,to,acp-cs
Honour,honour,vvi
Lady,lady,n1
Riches,riches,n2
I,I,pns
hope,hope,vvb
there,there,av
is,be,vvz
no,no,d-x
Antipathy,antipathy,n1
in,in,acp-p
your,your,po
nature,nature,n1
But,but,acp-cc
you,you,pn
may,may,vmb
smile,smile,vvi
upon,upon,acp-p
a,a,d
Scholar,scholar,n1
now,now,av
Married,marry,vvn
to,to,acp-p
Honour,honour,n1
Rich.,Rich.,n-ab
Since,since,acp-p
you,you,pn
have,have,vvb
so,so,av
advanced,advance,vvn
him,he,pno
He,he,pns
shall,shall,vmb
not,not,xx
want,want,vvi
my,my,po
favour,favour,n1
Ing.,Ing.,n-ab
Now,now,av
I,I,pns
am,be,vvm
confident,confident,j
Co.,Co.,n-ab
We,we,pns
must,must,vmb
obey,obey,vvi
our,our,po
destiny,destiny,n1
Since,since,acp-p
Fate,fate,n1
Meant,mean,vvd
me,i,pno
not,not,xx
so,so,av
much,much,av_d
happiness,happiness,n1
to,to,acp-cs
be,be,vvi
The,the,d
husband,husband,n1
let,let,vvb
me,i,pno
still,still,av
be,be,vvi
humble,humble,j
servant,servant,n1
To,to,acp-cs
Honour,honour,vvi
So.,So.,n-ab
My,my,po
desires,desire,n2
have,have,vvb
the,the,d
same,same,d
ambition,ambition,n1
Co.,Co.,n-ab
and,and,cc
So.,So.,n-ab
joys,joy,n2
crown,crown,vvb
your,your,po
marriage,marriage,n1
Ing.,Ing.,n-ab
Now,now,av
you,you,pn
both,both,d
denied,deny,vvn
me,i,pno
But,but,acp-cc
in,in,acp-p
this,this,d
Empire,empire,n1
I,I,pns
can,can,vmb
brook,brook,vvi
no,no,d-x
Rival,rival,n1
Be,be,vvb
all,all,d
my,my,po
honoured,honour,j_vn
guests,guest,n2
and,and,cc
with,with,acp-p
one,one,crd
feast,feast,n1
And,and,cc
revels,revel,n2
celebrate,celebrate,vvi
our,our,po
double,double,j
marriage,marriage,n1
Co.,Co.,n-ab
And,and,cc
here,here,av
our,our,po
love,love,n1
unites,unite,vvz
Pardon,pardon,vvb
what,what,crq-r
language,language,n1
My,my,po
passion,passion,n1
threw,throw,vvd
upon,upon,acp-p
thee,thou,pno
acknowledge,acknowledge,vvi
A,a,d
Soldiers,soldier,n2
worth,worth,j
above,above,acp-p
the,the,d
reach,reach,n1
of,of,acp-p
malice,malice,n1
So.,So.,n-ab
My,my,po
heart,heart,n1
shall,shall,vmb
spread,spread,vvi
to,to,acp-cs
embrace,embrace,vvi
the,the,d
noble,noble,j
Courtier,courtier,n1
Clod.,Clod.,n-ab
Here's,here|be,av|vvz
nothing,nothing,pi-x
but,but,acp-p
compliment,compliment,n1
you,you,pn
should,shall,vmd
bring,bring,vvi
up,up,acp-av
a,a,d
fashion,fashion,n1
to,to,acp-cs
kiss,kiss,vvi
one,one,pi
another,another,d
Get.,Get.,n-ab
'Tis,it|be,pn|vvz
such,such,d
a,a,d
dry,dry,j
Clod,clod,n1
Ing.,Ing.,n-ab
Correct,correct,vvb
your,your,po
passions,passion,n2
sir,sir,n1
I,I,pns
am,be,vvm
informed,inform,vvn
You,you,pn
have,have,vvb
been,be,vvn
guilty,guilty,j
this,this,d
day,day,n1
of,of,acp-p
abuse,abuse,n1
Against,against,acp-p
the,the,d
noble,noble,j
Citizens,citizen,n2
and,and,cc
traduced,traduce,vvd
Their,their,po
yearly,yearly,j
Triumph,triumph,n1
Get.,Get.,n-ab
'Twas,it|be,pn|vvd
his,his,po
ignorance,ignorance,n1
But,but,acp-cc
we,we,pns
are,be,vvb
friends,friend,n2
again,again,av
Ing.,Ing.,n-ab
Then,then,av
I,I,pns
ha',have,vvb
done,do,vvn
Now,now,av
Gentlemen,gentleman,n2
and,and,cc
Ladies,lady,n2
In,in,acp-p
the,the,d
assurance,assurance,n1
all,all,d
are,be,vvb
pleased,please,vvn
let,let,vvb
us,we,pno
join,join,vvb
in,in,acp-p
dance,dance,n1
Such,such,d
mirth,mirth,n1
becomes,become,vvz
a,a,d
wedding,wedding,n1
Strike,strike,vvb
up,up,acp-av
some,some,d
nimble,nimble,j
air,air,n1
They,they,pns
dance,dance,vvb
Ing.,Ing.,n-ab
Thus,thus,av
all,all,d
have,have,vvb
seen,see,vvn
how,how,crq-cs
Providence,providence,n1
imparts,impart,vvz
Wealth,wealth,n1
to,to,acp-p
the,the,d
City,city,n1
Honour,honour,n1
to,to,acp-p
the,the,d
Arts,art,n2
Exeunt,exeunt,fw-la
FINIS,finis,fw-la
